Tick,Prey,Predators,Food
1,35,10,30
2,35,10,30
3,35,10,30
4,35,10,29
5,35,10,29
6,35,10,29
7,35,10,29
8,35,10,29
9,35,10,29
10,35,10,29
11,35,10,28
12,35,10,28
13,35,10,28
14,35,10,28
15,35,10,28
16,35,10,28
17,35,10,28
18,35,10,27
19,35,10,27
20,35,10,27
21,35,10,27
22,35,10,27
23,35,10,27
24,35,10,27
25,35,10,27
26,35,10,27
27,35,10,27
28,35,10,27
29,35,10,27
30,35,10,27
31,35,10,27
32,35,10,27
33,35,10,27
34,35,10,27
35,35,10,24
36,35,10,24
37,35,10,24
38,35,10,24
39,35,10,23
40,35,10,22
41,34,10,21
42,34,10,21
43,34,10,20
44,34,10,20
45,34,10,20
46,34,10,19
47,34,10,18
48,34,10,18
49,34,10,18
50,34,10,18
51,34,10,17
52,34,10,17
53,34,10,17
54,34,10,17
55,34,10,17
56,34,10,17
57,34,10,16
58,34,10,16
59,34,10,16
60,34,10,16
61,34,10,16
62,34,10,16
63,34,10,16
64,34,10,16
65,34,10,16
66,34,10,16
67,34,10,16
68,34,10,16
69,34,10,16
70,34,10,16
71,34,10,16
72,34,10,16
73,34,10,16
74,34,10,16
75,34,10,16
76,34,10,16
77,34,10,16
78,34,10,16
79,34,10,16
80,34,10,16
81,34,10,16
82,33,10,16
83,33,10,17
84,33,10,17
85,33,10,17
86,33,10,17
87,33,10,17
88,33,10,17
89,33,10,17
90,33,10,17
91,33,10,17
92,33,10,17
93,33,10,17
94,33,10,17
95,33,10,17
96,33,10,17
97,33,10,17
98,33,10,17
99,33,10,17
100,33,10,17
101,33,10,17
102,33,10,16
103,33,10,17
104,33,10,17
105,33,10,17
106,33,10,17
107,33,10,17
108,33,10,17
109,33,10,17
110,33,10,17
111,33,10,17
112,33,10,17
113,33,10,17
114,33,10,17
115,33,10,17
116,33,10,17
117,33,10,17
118,33,10,17
119,33,10,17
120,33,10,17
121,33,10,17
122,33,10,17
123,33,10,17
124,33,10,17
125,33,10,17
126,33,10,17
127,33,10,17
128,33,10,17
129,33,10,17
130,33,10,17
131,33,10,17
132,33,10,17
133,33,10,17
134,33,10,17
135,33,10,17
136,33,10,17
137,33,10,17
138,33,10,17
139,32,10,17
140,32,10,17
141,32,10,17
142,32,10,17
143,32,10,17
144,32,10,17
145,32,10,17
146,32,10,17
147,32,10,17
148,32,10,17
149,32,10,17
150,30,10,17
151,30,10,18
152,30,10,18
153,30,10,18
154,30,10,18
155,30,10,18
156,30,10,18
157,30,10,18
158,29,10,18
159,28,10,19
160,28,10,19
161,28,10,19
162,28,10,19
163,28,10,19
164,28,10,19
165,28,10,19
166,28,10,19
167,28,10,19
168,28,10,19
169,28,10,19
170,28,10,19
171,28,10,19
172,28,10,19
173,28,10,19
174,28,10,19
175,28,10,19
176,28,10,19
177,28,10,19
178,28,10,19
179,27,10,18
180,27,10,19
181,26,10,19
182,26,10,20
183,26,10,20
184,26,10,20
185,26,10,20
186,26,10,20
187,26,10,20
188,26,10,20
189,26,10,20
190,26,10,20
191,26,10,20
192,26,10,20
193,26,10,20
194,26,10,20
195,26,10,20
196,26,10,20
197,26,10,20
198,26,10,20
199,26,10,20
200,26,10,20
201,26,10,20
202,26,10,20
203,27,10,20
204,27,10,20
205,26,10,20
206,25,10,20
207,25,10,21
208,25,10,21
209,25,10,21
210,25,10,21
211,25,10,21
212,25,10,21
213,25,10,21
214,25,10,21
215,25,10,21
216,25,10,21
217,25,10,21
218,25,10,21
219,25,10,21
220,25,10,21
221,25,10,21
222,25,10,21
223,25,10,21
224,25,10,21
225,25,10,21
226,25,10,21
227,25,10,21
228,25,10,21
229,25,10,21
230,25,10,21
231,24,10,21
232,24,10,21
233,24,10,21
234,25,10,19
235,25,10,19
236,25,10,20
237,25,10,21
238,25,10,21
239,25,10,21
240,25,10,21
241,25,10,21
242,25,10,21
243,25,10,21
244,25,10,21
245,25,10,21
246,25,10,21
247,25,10,21
248,25,10,21
249,25,10,21
250,25,10,21
251,25,10,21
252,25,10,21
253,25,10,21
254,24,10,21
255,24,10,20
256,24,10,20
257,24,10,21
258,24,10,21
259,24,10,21
260,24,10,21
261,24,10,21
262,23,10,21
263,23,10,22
264,23,10,22
265,23,10,22
266,23,10,22
267,23,10,22
268,23,10,22
269,23,10,22
270,23,10,22
271,23,10,22
272,22,10,22
273,21,10,21
274,21,10,20
275,21,10,20
276,21,10,21
277,21,10,22
278,21,10,23
279,20,10,23
280,20,10,23
281,20,10,23
282,20,10,23
283,20,10,23
284,20,10,23
285,20,10,23
286,20,10,23
287,20,10,23
288,21,10,23
289,21,10,23
290,21,10,23
291,21,10,23
292,21,10,22
293,21,10,23
294,21,10,23
295,21,10,23
296,21,10,23
297,21,10,23
298,21,10,23
299,21,10,23
300,21,10,23
301,21,10,23
302,21,10,23
303,21,10,23
304,21,10,23
305,21,10,23
306,21,10,23
307,21,10,23
308,21,10,23
309,21,8,23
310,21,8,23
311,21,8,23
312,21,8,23
313,22,8,22
314,22,8,21
315,22,8,21
316,22,8,21
317,22,8,21
318,22,8,21
319,23,8,21
320,23,8,21
321,23,8,21
322,23,8,21
323,23,8,21
324,23,7,21
325,23,7,21
326,23,7,21
327,23,7,21
328,23,7,21
329,23,7,21
330,23,7,21
331,23,7,21
332,23,7,21
333,23,7,21
334,23,7,21
335,25,7,20
336,25,7,20
337,25,7,20
338,25,7,20
339,25,7,20
340,25,7,20
341,25,7,20
342,25,7,20
343,25,7,20
344,25,7,20
345,25,7,20
346,25,7,20
347,25,7,20
348,25,7,20
349,25,7,20
350,25,7,20
351,24,7,20
352,24,7,20
353,24,7,20
354,24,7,20
355,24,7,20
356,24,7,20
357,24,7,20
358,24,7,20
359,24,7,20
360,24,7,20
361,24,7,20
362,24,7,20
363,24,7,20
364,24,7,20
365,24,7,20
366,25,7,19
367,25,7,19
368,25,7,20
369,25,7,20
370,25,7,20
371,25,7,20
372,24,7,20
373,24,7,20
374,24,7,20
375,24,7,20
376,24,7,20
377,24,7,20
378,24,7,20
379,24,7,20
380,24,7,20
381,24,7,20
382,24,7,20
383,24,7,20
384,24,7,20
385,24,6,20
386,24,6,20
387,24,6,19
388,24,6,19
389,25,6,19
390,25,6,19
391,25,6,19
392,25,6,19
393,25,6,19
394,25,6,19
395,25,6,19
396,25,6,19
397,25,6,19
398,25,6,19
399,25,6,19
400,25,6,19
401,25,6,19
402,25,6,19
403,25,6,19
404,25,6,19
405,25,6,19
406,25,6,19
407,26,6,19
408,26,6,19
409,26,6,19
410,26,6,19
411,26,6,19
412,25,6,19
413,25,6,19
414,25,6,19
415,25,6,19
416,25,6,19
417,25,6,19
418,26,6,18
419,26,6,18
420,25,6,18
421,25,6,18
422,25,6,19
423,25,6,19
424,25,6,19
425,25,6,19
426,25,6,19
427,25,6,19
428,25,6,19
429,25,6,19
430,25,6,19
431,25,6,19
432,25,6,19
433,25,6,19
434,25,6,19
435,25,6,19
436,25,6,19
437,25,6,19
438,25,6,19
439,25,6,19
440,25,6,19
441,25,6,19
442,25,6,19
443,25,6,19
444,25,6,19
445,25,6,19
446,25,6,19
447,25,6,19
448,25,6,19
449,25,6,19
450,25,6,19
451,25,6,19
452,25,6,19
453,25,6,19
454,25,6,19
455,25,6,19
456,25,6,19
457,25,6,19
458,25,6,19
459,25,6,19
460,25,6,19
461,25,6,19
462,25,6,19
463,25,6,19
464,25,6,19
465,25,6,19
466,25,6,19
467,25,6,19
468,24,6,18
469,24,6,19
470,24,6,19
471,24,6,19
472,24,6,19
473,24,6,19
474,24,6,19
475,24,6,19
476,24,6,19
477,24,6,19
478,24,6,19
479,24,6,19
480,24,6,19
481,24,6,19
482,24,6,19
483,24,6,19
484,24,6,19
485,24,6,19
486,24,6,19
487,24,6,19
488,24,6,19
489,24,6,19
490,24,6,19
491,24,6,19
492,24,6,19
493,24,6,19
494,24,6,19
495,24,6,19
496,24,6,19
497,24,6,19
498,24,6,19
499,24,6,19
500,24,6,19
501,24,6,19
502,24,6,19
503,24,6,19
504,24,6,19
505,24,6,19
506,24,6,19
507,24,6,19
508,24,6,19
509,24,6,19
510,24,6,19
511,24,6,19
512,24,6,19
513,24,6,19
514,23,6,19
515,23,6,20
516,23,6,20
517,23,6,20
518,23,6,20
519,23,6,20
520,23,6,20
521,23,6,20
522,23,6,20
523,23,6,20
524,23,6,20
525,23,6,20
526,23,6,20
527,23,6,20
528,23,6,20
529,23,6,20
530,23,6,20
531,23,6,20
532,23,6,20
533,23,6,20
534,23,6,19
535,23,6,20
536,23,6,20
537,23,6,20
538,23,6,20
539,23,6,20
540,23,6,20
541,23,6,20
542,23,6,20
543,23,6,20
544,23,6,20
545,23,6,20
546,23,6,20
547,23,6,20
548,23,6,20
549,23,6,20
550,23,6,20
551,23,6,20
552,23,6,20
553,23,6,20
554,23,6,20
555,23,6,20
556,23,6,20
557,23,6,20
558,23,6,20
559,24,6,20
560,24,6,20
561,23,6,20
562,23,6,20
563,23,6,20
564,23,6,20
565,23,6,20
566,22,6,20
567,22,6,20
568,22,6,20
569,22,6,20
570,22,6,20
571,22,6,20
572,22,6,20
573,22,6,20
574,22,6,20
575,22,6,20
576,22,6,20
577,22,6,20
578,22,6,20
579,22,6,20
580,22,6,20
581,22,6,20
582,22,6,20
583,22,6,20
584,22,6,20
585,22,6,20
586,22,6,20
587,22,6,20
588,22,6,20
589,22,6,20
590,22,6,20
591,22,6,20
592,22,6,20
593,22,6,20
594,22,6,20
595,22,6,20
596,22,6,20
597,22,6,20
598,22,6,20
599,22,6,20
600,22,6,20
601,22,6,20
602,22,6,20
603,22,6,20
604,22,6,20
605,22,6,20
606,22,6,20
607,22,6,20
608,22,6,20
609,22,6,20
610,22,6,20
611,22,6,20
612,22,6,20
613,22,6,20
614,22,6,20
615,22,6,20
616,22,6,20
617,22,6,20
618,22,6,20
619,22,6,20
620,22,6,20
621,21,6,20
622,21,6,20
623,21,6,21
624,21,6,21
625,21,6,21
626,21,6,21
627,21,6,21
628,21,6,21
629,21,6,21
630,21,6,21
631,21,6,21
632,21,6,21
633,20,6,21
634,20,6,21
635,20,6,21
636,20,6,21
637,20,6,21
638,20,6,21
639,20,6,21
640,20,6,21
641,20,6,21
642,20,6,21
643,20,6,21
644,20,6,21
645,20,6,21
646,20,6,21
647,20,6,21
648,20,6,21
649,20,6,21
650,20,6,21
651,20,6,21
652,20,6,21
653,19,6,21
654,19,6,22
655,19,6,22
656,18,6,22
657,18,6,22
658,18,6,22
659,18,6,22
660,18,6,22
661,18,6,22
662,18,6,22
663,18,6,22
664,18,6,22
665,18,6,22
666,18,6,22
667,17,6,22
668,17,6,23
669,16,6,23
670,16,6,23
671,16,6,23
672,16,6,23
673,16,6,23
674,16,6,23
675,16,6,23
676,16,6,23
677,16,6,23
678,16,6,23
679,16,6,23
680,16,6,23
681,15,6,23
682,15,6,24
683,15,6,24
684,15,6,24
685,15,6,24
686,15,6,24
687,15,6,24
688,15,6,24
689,15,6,24
690,15,6,24
691,15,6,24
692,15,6,24
693,15,6,24
694,15,6,24
695,15,6,24
696,15,6,24
697,15,6,24
698,15,6,24
699,15,6,24
700,15,6,24
701,15,6,24
702,15,6,24
703,15,6,24
704,15,6,24
705,15,6,24
706,15,6,24
707,15,6,24
708,15,6,24
709,15,6,24
710,15,6,24
711,15,6,24
712,15,5,24
713,15,5,24
714,15,5,24
715,15,5,24
716,15,5,24
717,15,5,24
718,15,5,24
719,15,5,24
720,15,5,24
721,15,5,24
722,15,5,24
723,15,5,24
724,15,5,24
725,15,5,24
726,15,5,24
727,15,5,24
728,15,5,24
729,15,5,24
730,15,5,24
731,15,5,24
732,15,5,24
733,14,5,24
734,14,5,24
735,14,5,24
736,13,5,24
737,13,5,25
738,13,5,25
739,13,5,25
740,14,5,25
741,14,5,24
742,14,5,24
743,14,5,24
744,14,5,24
745,14,5,24
746,14,5,24
747,14,5,24
748,14,5,24
749,14,5,24
750,14,5,24
751,14,5,24
752,14,5,24
753,14,5,24
754,14,5,24
755,14,5,24
756,14,5,24
757,14,5,24
758,14,5,24
759,14,5,24
760,14,5,24
761,14,5,24
762,14,5,24
763,14,5,24
764,14,5,24
765,14,5,24
766,14,5,24
767,14,4,24
768,14,4,24
769,14,4,24
770,14,4,24
771,14,4,24
772,14,4,24
773,14,4,24
774,14,4,24
775,14,4,24
776,14,4,24
777,14,4,24
778,14,4,24
779,14,4,24
780,14,4,24
781,14,4,24
782,14,4,24
783,14,4,24
784,14,4,24
785,14,4,24
786,14,4,24
787,14,4,24
788,14,4,24
789,14,4,24
790,14,4,24
791,14,4,24
792,14,4,24
793,14,4,24
794,14,4,24
795,14,4,24
796,14,4,24
797,14,4,24
798,14,4,24
799,14,4,24
800,14,4,24
801,14,4,24
802,14,4,24
803,14,4,24
804,14,4,24
805,14,4,24
806,14,4,24
807,14,4,24
808,14,4,24
809,14,4,24
810,14,4,24
811,14,4,24
812,14,4,24
813,14,4,24
814,14,4,24
815,14,4,24
816,14,4,24
817,13,4,24
818,13,4,25
819,13,4,25
820,13,4,25
821,13,4,25
822,13,4,25
823,13,4,25
824,13,4,25
825,13,4,25
826,13,4,25
827,13,4,25
828,13,4,25
829,13,4,25
830,13,4,25
831,13,4,25
832,13,4,25
833,13,4,25
834,13,4,25
835,13,4,25
836,13,4,25
837,13,4,25
838,13,4,25
839,13,4,25
840,13,4,25
841,13,4,25
842,13,4,25
843,13,3,25
844,13,3,25
845,13,3,25
846,13,3,25
847,13,3,25
848,13,3,25
849,13,3,25
850,13,3,25
851,13,3,25
852,13,3,25
853,13,3,25
854,13,3,25
855,13,3,25
856,13,3,25
857,13,3,25
858,13,3,25
859,13,3,25
860,13,3,25
861,13,3,25
862,13,3,25
863,13,3,25
864,13,3,25
865,13,3,25
866,13,3,25
867,13,3,25
868,13,3,24
869,13,3,24
870,14,3,24
871,14,3,24
872,14,3,24
873,14,3,24
874,14,3,24
875,14,3,24
876,14,3,24
877,14,3,24
878,13,3,24
879,13,3,24
880,13,3,24
881,13,3,24
882,13,3,24
883,14,3,24
884,14,3,24
885,14,3,24
886,14,3,24
887,14,3,24
888,14,3,24
889,14,3,24
890,14,3,24
891,14,3,24
892,14,3,24
893,14,3,24
894,14,3,24
895,14,3,24
896,14,3,24
897,14,3,24
898,14,3,23
899,14,3,23
900,14,3,23
901,14,3,23
902,14,3,23
903,14,3,23
904,14,3,23
905,14,3,23
906,14,3,23
907,14,3,23
908,14,3,23
909,14,3,23
910,14,3,23
911,14,3,23
912,14,3,23
913,14,3,23
914,14,3,23
915,14,3,23
916,14,3,23
917,14,3,23
918,14,3,23
919,14,3,23
920,14,3,23
921,14,3,23
922,14,3,23
923,13,3,23
924,13,3,24
925,13,3,24
926,13,3,24
927,13,3,24
928,13,3,24
929,13,3,24
930,13,3,24
931,13,3,24
932,13,3,24
933,13,3,24
934,13,3,24
935,13,3,24
936,13,3,24
937,13,3,24
938,13,3,24
939,13,3,24
940,13,3,24
941,13,3,24
942,13,3,24
943,13,3,24
944,13,3,24
945,13,3,24
946,13,3,24
947,13,3,24
948,13,3,24
949,13,3,24
950,13,3,24
951,13,3,24
952,13,3,24
953,13,3,24
954,13,3,24
955,13,3,24
956,13,3,24
957,13,3,24
958,13,3,24
959,13,3,24
960,12,3,24
961,12,3,24
962,12,3,24
963,12,3,24
964,12,3,24
965,12,3,24
966,12,3,24
967,12,3,24
968,12,3,24
969,12,3,24
970,12,3,24
971,12,3,24
972,12,3,24
973,12,3,24
974,12,3,24
975,12,3,24
976,12,3,24
977,12,3,24
978,12,3,24
979,12,3,24
980,12,3,24
981,12,3,24
982,12,3,24
983,12,3,24
984,12,3,24
985,12,3,24
986,12,3,24
987,12,3,24
988,13,3,24
989,13,3,24
990,13,3,24
991,13,3,24
992,13,3,24
993,13,3,24
994,13,3,24
995,13,3,24
996,13,3,24
997,13,3,24
998,13,3,24
999,13,3,24
1000,13,3,24
1001,13,3,24
1002,13,3,24
1003,13,3,24
1004,13,3,24
1005,13,3,24
1006,13,3,24
1007,13,3,24
1008,13,3,24
1009,13,3,24
1010,13,3,24
1011,13,3,24
1012,13,3,24
1013,13,3,24
1014,13,3,24
1015,13,3,24
1016,13,3,24
1017,13,3,24
1018,13,3,24
1019,13,3,24
1020,13,3,24
1021,13,3,24
1022,13,3,24
1023,13,3,24
1024,13,3,24
1025,13,3,24
1026,13,3,24
1027,13,3,24
1028,13,3,24
1029,14,3,24
1030,14,3,24
1031,14,3,24
1032,14,3,23
1033,14,3,23
1034,14,3,23
1035,14,3,23
1036,14,3,23
1037,14,3,23
1038,14,3,23
1039,14,3,23
1040,14,3,23
1041,15,3,23
1042,15,3,23
1043,15,3,22
1044,15,3,23
1045,15,3,23
1046,15,3,23
1047,15,3,23
1048,15,3,23
1049,15,3,23
1050,15,3,23
1051,15,3,23
1052,15,3,23
1053,15,3,23
1054,15,3,23
1055,15,3,23
1056,15,3,23
1057,15,3,23
1058,15,3,23
1059,15,3,23
1060,15,3,23
1061,15,3,23
1062,15,3,23
1063,15,3,23
1064,15,3,23
1065,15,3,23
1066,15,3,23
1067,15,3,23
1068,15,3,23
1069,15,3,23
1070,15,3,23
1071,15,3,23
1072,14,3,23
1073,14,3,23
1074,14,3,23
1075,14,3,23
1076,14,3,23
1077,14,3,23
1078,14,3,23
1079,14,3,23
1080,14,3,23
1081,14,3,23
1082,14,3,23
1083,14,3,23
1084,14,3,23
1085,14,3,23
1086,14,3,23
1087,14,3,23
1088,14,3,23
1089,14,3,23
1090,14,3,23
1091,14,3,23
1092,14,3,23
1093,14,3,23
1094,14,3,23
1095,14,3,23
1096,14,3,23
1097,14,3,23
1098,14,3,23
1099,14,3,23
1100,14,3,23
1101,14,3,23
1102,14,3,23
1103,14,3,23
1104,14,3,22
1105,14,3,23
1106,14,3,23
1107,14,3,23
1108,14,3,23
1109,14,3,23
1110,14,3,23
1111,14,3,23
1112,14,3,23
1113,14,3,23
1114,14,3,23
1115,14,3,23
1116,14,3,23
1117,14,3,23
1118,14,3,23
1119,14,3,23
1120,14,3,23
1121,14,3,23
1122,14,3,23
1123,14,3,23
1124,14,3,23
1125,14,3,23
1126,14,3,23
1127,14,3,23
1128,14,3,23
1129,14,3,23
1130,14,3,23
1131,14,3,23
1132,14,3,23
1133,14,3,23
1134,14,3,23
1135,14,3,23
1136,14,3,23
1137,14,3,23
1138,14,3,23
1139,14,3,23
1140,14,3,23
1141,14,3,23
1142,14,3,23
1143,14,3,23
1144,14,3,23
1145,14,3,23
1146,14,3,23
1147,14,3,23
1148,14,3,23
1149,14,3,23
1150,14,3,23
1151,14,3,23
1152,14,3,23
1153,14,3,23
1154,14,3,23
1155,14,3,23
1156,14,3,23
1157,14,3,23
1158,14,3,23
1159,14,3,23
1160,14,3,23
1161,14,3,23
1162,14,3,23
1163,14,3,23
1164,13,4,23
1165,13,4,23
1166,13,4,24
1167,13,4,25
1168,13,4,25
1169,13,4,25
1170,13,4,25
1171,13,4,25
1172,12,5,25
1173,12,5,25
1174,12,5,25
1175,12,5,25
1176,12,5,25
1177,12,5,25
1178,12,5,25
1179,12,5,25
1180,12,5,25
1181,12,5,25
1182,13,5,25
1183,13,5,25
1184,13,5,25
1185,13,5,25
1186,13,5,25
1187,13,5,25
1188,13,5,25
1189,13,5,25
1190,13,5,25
1191,13,5,25
1192,13,5,25
1193,13,5,25
1194,13,5,25
1195,13,5,25
1196,13,5,25
1197,14,5,25
1198,14,5,25
1199,14,5,25
1200,14,5,25
1201,14,5,25
1202,14,5,25
1203,14,5,25
1204,14,5,25
1205,14,5,25
1206,14,5,25
1207,14,5,25
1208,14,5,25
1209,14,5,24
1210,14,5,24
1211,14,5,24
1212,14,5,24
1213,14,5,24
1214,14,5,24
1215,14,5,24
1216,14,5,24
1217,14,5,24
1218,14,5,24
1219,14,5,24
1220,14,5,24
1221,14,5,24
1222,14,5,24
1223,14,5,24
1224,14,5,24
1225,14,5,24
1226,14,5,24
1227,14,5,24
1228,14,5,24
1229,14,5,24
1230,14,5,24
1231,14,5,24
1232,14,5,24
1233,14,5,24
1234,14,5,24
1235,14,5,24
1236,14,5,24
1237,14,5,24
1238,14,5,24
1239,14,5,24
1240,14,5,24
1241,14,5,24
1242,14,5,24
1243,14,5,24
1244,14,5,24
1245,14,5,24
1246,14,5,24
1247,14,5,24
1248,14,5,24
1249,14,5,24
1250,14,5,24
1251,14,5,24
1252,15,5,24
1253,15,5,24
1254,15,5,24
1255,15,5,24
1256,15,5,24
1257,15,5,24
1258,15,5,24
1259,15,5,24
1260,15,5,24
1261,15,5,24
1262,15,5,24
1263,15,5,24
1264,15,5,24
1265,15,5,24
1266,15,5,24
1267,15,5,24
1268,15,5,24
1269,15,5,24
1270,15,5,24
1271,15,5,24
1272,15,5,24
1273,15,5,24
1274,15,5,24
1275,15,5,24
1276,15,5,24
1277,15,5,24
1278,15,5,24
1279,15,5,24
1280,15,5,24
1281,15,5,24
1282,15,5,24
1283,15,5,24
1284,15,5,24
1285,15,5,24
1286,15,5,24
1287,15,5,24
1288,15,5,24
1289,15,5,24
1290,15,5,24
1291,15,5,24
1292,15,5,24
1293,15,5,24
1294,15,5,24
1295,14,5,24
1296,14,5,24
1297,14,5,24
1298,14,5,24
1299,14,5,24
1300,14,5,24
1301,14,5,24
1302,14,5,24
1303,14,5,24
1304,14,5,24
1305,14,5,24
1306,14,5,24
1307,14,5,24
1308,14,5,24
1309,14,5,24
1310,14,5,24
1311,14,5,24
1312,14,5,24
1313,14,5,24
1314,14,5,24
1315,13,5,24
1316,13,5,25
1317,13,5,25
1318,13,5,25
1319,13,5,25
1320,12,5,25
1321,12,5,25
1322,12,5,25
1323,12,5,25
1324,12,5,25
1325,12,5,25
1326,12,5,25
1327,12,5,25
1328,12,5,25
1329,12,5,25
1330,12,5,25
1331,12,5,25
1332,12,5,25
1333,12,5,25
1334,12,5,25
1335,12,5,25
1336,12,5,25
1337,12,5,25
1338,12,5,25
1339,12,5,25
1340,12,5,25
1341,12,5,25
1342,12,5,25
1343,12,5,25
1344,12,5,25
1345,12,5,25
1346,12,5,25
1347,12,5,25
1348,14,5,24
1349,14,5,24
1350,14,5,24
1351,14,5,24
1352,14,5,24
1353,14,5,24
1354,14,5,24
1355,14,5,24
1356,14,5,24
1357,14,5,24
1358,14,5,24
1359,14,5,24
1360,14,5,24
1361,14,5,24
1362,14,5,24
1363,14,5,24
1364,14,5,24
1365,14,5,24
1366,14,5,24
1367,14,5,24
1368,14,5,24
1369,14,5,24
1370,14,5,24
1371,14,5,24
1372,14,5,24
1373,14,5,24
1374,14,5,24
1375,14,5,24
1376,14,5,24
1377,14,5,24
1378,14,5,24
1379,14,5,24
1380,14,5,24
1381,14,5,24
1382,14,5,24
1383,14,5,24
1384,14,5,24
1385,14,5,24
1386,14,5,24
1387,14,5,24
1388,14,5,24
1389,14,5,24
1390,14,5,24
1391,14,5,24
1392,14,5,24
1393,14,5,24
1394,14,5,24
1395,14,5,24
1396,14,5,24
1397,14,5,24
1398,14,5,24
1399,14,5,24
1400,14,5,24
1401,14,5,24
1402,14,5,24
1403,14,5,24
1404,14,5,24
1405,14,5,24
1406,14,5,24
1407,14,5,24
1408,14,5,24
1409,14,5,24
1410,14,5,24
1411,14,5,24
1412,14,5,24
1413,14,5,24
1414,14,5,24
1415,14,5,24
1416,14,5,24
1417,14,5,24
1418,14,5,24
1419,14,5,24
1420,14,5,24
1421,14,5,24
1422,14,5,24
1423,14,5,24
1424,14,5,24
1425,14,5,24
1426,14,5,24
1427,13,5,24
1428,13,5,25
1429,13,5,25
1430,13,5,25
1431,13,5,25
1432,13,5,25
1433,13,5,25
1434,13,5,25
1435,13,5,25
1436,13,5,25
1437,13,5,25
1438,13,5,25
1439,12,5,25
1440,12,5,25
1441,12,5,25
1442,12,5,25
1443,12,5,25
1444,12,5,25
1445,12,5,25
1446,12,5,25
1447,12,5,25
1448,12,5,25
1449,12,5,25
1450,12,5,25
1451,12,5,25
1452,12,5,25
1453,12,5,25
1454,12,5,25
1455,12,5,25
1456,12,5,25
1457,12,5,25
1458,12,5,25
1459,12,5,25
1460,12,5,25
1461,12,5,25
1462,12,5,25
1463,12,5,25
1464,12,5,25
1465,12,5,25
1466,12,5,25
1467,12,5,25
1468,12,5,25
1469,12,5,25
1470,12,5,25
1471,12,5,25
1472,12,5,25
1473,12,5,25
1474,12,5,25
1475,12,5,25
1476,12,5,25
1477,12,5,25
1478,12,5,25
1479,12,5,25
1480,12,5,25
1481,12,5,25
1482,12,5,25
1483,12,5,25
1484,12,5,25
1485,12,5,25
1486,12,5,25
1487,12,5,25
1488,12,5,25
1489,12,5,25
1490,12,5,25
1491,12,5,25
1492,12,5,25
1493,12,5,25
1494,12,5,25
1495,12,5,25
1496,12,5,25
1497,12,5,25
1498,12,5,25
1499,12,5,25
1500,12,5,25
1501,12,5,25
1502,12,5,25
1503,12,5,25
1504,13,5,25
1505,13,5,25
1506,13,5,25
1507,13,5,25
1508,13,5,25
1509,13,5,25
1510,13,5,25
1511,13,5,25
1512,13,5,25
1513,13,5,25
1514,13,5,25
1515,13,5,25
1516,13,5,25
1517,13,5,25
1518,13,5,25
1519,13,5,25
1520,13,5,25
1521,13,5,25
1522,13,5,25
1523,14,5,25
1524,14,5,25
1525,14,5,25
1526,14,5,25
1527,14,5,25
1528,14,5,25
1529,14,5,25
1530,14,5,25
1531,14,5,25
1532,14,5,25
1533,14,5,25
1534,14,5,25
1535,14,5,25
1536,14,5,25
1537,14,5,25
1538,14,5,25
1539,14,5,25
1540,14,5,25
1541,14,5,25
1542,14,5,24
1543,14,5,24
1544,14,5,24
1545,14,5,24
1546,14,5,24
1547,14,5,24
1548,14,5,24
1549,14,5,24
1550,14,5,24
1551,14,5,24
1552,14,5,24
1553,14,5,24
1554,14,4,24
1555,14,4,24
1556,14,4,24
1557,14,4,24
1558,14,4,24
1559,14,4,24
1560,14,4,24
1561,14,4,24
1562,14,4,24
1563,14,4,24
1564,14,4,24
1565,14,4,24
1566,14,4,24
1567,14,4,24
1568,14,4,24
1569,14,4,24
1570,14,4,24
1571,14,4,24
1572,14,4,24
1573,14,4,24
1574,16,4,23
1575,16,4,23
1576,16,4,23
1577,16,4,23
1578,16,3,23
1579,16,3,23
1580,16,3,23
1581,16,3,23
1582,16,3,23
1583,16,3,23
1584,16,3,23
1585,16,3,23
1586,16,3,23
1587,16,3,23
1588,16,3,22
1589,16,3,22
1590,16,3,22
1591,16,3,22
1592,16,3,22
1593,16,3,22
1594,16,3,22
1595,16,3,22
1596,16,3,22
1597,16,3,22
1598,16,3,22
1599,16,3,22
1600,16,3,21
1601,16,3,22
1602,15,3,22
1603,15,3,23
1604,15,3,23
1605,15,3,23
1606,15,3,23
1607,15,3,23
1608,15,3,23
1609,15,3,23
1610,15,3,23
1611,15,3,23
1612,15,3,23
1613,15,3,23
1614,15,3,23
1615,15,3,23
1616,15,3,23
1617,15,3,23
1618,15,3,23
1619,16,3,23
1620,16,3,22
1621,16,3,22
1622,16,3,22
1623,16,3,22
1624,16,3,22
1625,16,3,22
1626,16,3,22
1627,16,3,22
1628,16,3,22
1629,16,3,22
1630,16,3,22
1631,16,3,22
1632,16,3,22
1633,17,3,22
1634,17,3,22
1635,17,3,22
1636,17,3,22
1637,17,3,22
1638,17,3,22
1639,17,3,22
1640,17,3,22
1641,17,3,22
1642,17,3,22
1643,17,3,22
1644,17,3,22
1645,17,3,22
1646,17,3,22
1647,17,3,22
1648,17,3,22
1649,17,3,22
1650,17,3,22
1651,17,3,22
1652,17,3,22
1653,17,3,22
1654,17,3,22
1655,17,3,22
1656,17,3,22
1657,17,3,22
1658,17,3,22
1659,17,3,22
1660,17,3,21
1661,17,3,22
1662,17,3,22
1663,17,3,22
1664,17,3,22
1665,17,3,22
1666,17,3,22
1667,17,3,22
1668,17,3,22
1669,17,3,22
1670,17,3,22
1671,17,3,22
1672,17,3,22
1673,17,3,22
1674,17,3,22
1675,17,3,22
1676,17,3,22
1677,17,3,22
1678,17,3,21
1679,17,3,22
1680,17,3,22
1681,17,3,22
1682,17,3,22
1683,17,3,22
1684,17,3,22
1685,17,3,22
1686,18,3,22
1687,18,3,22
1688,18,3,22
1689,18,3,22
1690,18,3,21
1691,18,3,21
1692,18,3,21
1693,18,3,21
1694,18,3,21
1695,18,3,21
1696,18,3,21
1697,18,3,21
1698,18,3,21
1699,17,4,21
1700,17,4,22
1701,17,4,23
1702,17,4,23
1703,17,4,23
1704,17,4,23
1705,17,4,23
1706,17,4,23
1707,17,4,23
1708,17,4,23
1709,17,4,23
1710,17,4,23
1711,17,4,23
1712,17,4,23
1713,17,4,23
1714,17,4,23
1715,17,4,23
1716,17,4,23
1717,17,4,23
1718,17,4,23
1719,17,4,23
1720,17,4,23
1721,16,4,23
1722,16,4,23
1723,16,4,23
1724,16,4,23
1725,16,4,23
1726,17,4,23
1727,17,4,23
1728,17,4,23
1729,17,4,23
1730,17,4,23
1731,17,4,23
1732,17,4,23
1733,17,4,23
1734,17,4,23
1735,17,4,23
1736,17,4,23
1737,17,4,23
1738,17,4,23
1739,17,4,23
1740,17,4,23
1741,17,4,23
1742,17,4,23
1743,17,4,23
1744,17,4,23
1745,17,4,23
1746,17,4,23
1747,17,4,23
1748,17,4,23
1749,17,4,23
1750,17,4,23
1751,17,4,23
1752,17,4,23
1753,17,4,23
1754,17,4,23
1755,17,4,23
1756,17,4,23
1757,17,4,23
1758,17,4,23
1759,17,4,23
1760,17,4,23
1761,17,4,23
1762,17,4,23
1763,17,4,23
1764,17,4,23
1765,17,4,23
1766,17,4,23
1767,17,4,23
1768,17,4,23
1769,17,4,23
1770,17,4,23
1771,17,4,23
1772,17,4,23
1773,17,4,23
1774,17,4,23
1775,17,4,23
1776,17,4,23
1777,17,4,23
1778,17,4,23
1779,17,4,23
1780,18,4,23
1781,18,4,23
1782,18,4,23
1783,18,4,23
1784,18,4,23
1785,18,4,23
1786,18,4,23
1787,18,4,23
1788,18,4,22
1789,18,4,22
1790,18,4,22
1791,18,4,22
1792,18,4,22
1793,18,4,22
1794,19,4,22
1795,19,4,22
1796,19,4,22
1797,19,4,22
1798,19,4,22
1799,19,4,22
1800,19,4,22
1801,19,4,22
1802,19,4,22
1803,19,4,22
1804,19,4,22
1805,19,4,22
1806,19,4,22
1807,19,4,22
1808,19,4,22
1809,19,4,22
1810,19,4,22
1811,19,4,22
1812,19,4,22
1813,19,4,22
1814,19,4,22
1815,19,4,22
1816,19,4,22
1817,19,4,22
1818,19,4,22
1819,19,4,22
1820,19,4,22
1821,19,4,22
1822,19,4,22
1823,19,4,22
1824,19,4,22
1825,19,4,22
1826,19,4,22
1827,19,4,22
1828,19,4,22
1829,19,4,22
1830,19,4,22
1831,19,4,22
1832,19,4,22
1833,19,4,22
1834,19,4,22
1835,19,4,22
1836,19,4,22
1837,19,4,22
1838,19,4,22
1839,19,4,22
1840,19,4,22
1841,19,4,22
1842,19,4,22
1843,19,4,22
1844,19,4,22
1845,19,4,22
1846,19,4,22
1847,19,4,22
1848,19,4,22
1849,19,4,22
1850,19,4,22
1851,19,4,22
1852,19,4,22
1853,19,4,22
1854,20,4,22
1855,20,4,22
1856,20,4,22
1857,20,4,22
1858,20,4,22
1859,20,4,22
1860,20,4,21
1861,20,4,21
1862,20,4,21
1863,20,4,21
1864,20,4,21
1865,20,4,21
1866,20,4,21
1867,20,4,21
1868,20,4,21
1869,20,4,21
1870,20,4,21
1871,20,4,21
1872,20,4,21
1873,20,4,21
1874,20,4,21
1875,20,4,21
1876,20,4,21
1877,20,4,21
1878,20,4,21
1879,20,4,21
1880,20,4,21
1881,20,4,21
1882,20,4,21
1883,20,4,21
1884,20,4,21
1885,20,4,21
1886,20,4,21
1887,20,4,21
1888,20,4,20
1889,20,4,21
1890,20,4,21
1891,20,4,21
1892,20,4,21
1893,20,4,21
1894,20,4,21
1895,20,4,21
1896,20,4,21
1897,20,4,21
1898,20,4,21
1899,20,4,21
1900,20,4,21
1901,20,4,21
1902,20,4,21
1903,20,4,21
1904,20,4,21
1905,20,4,21
1906,20,4,21
1907,20,4,21
1908,20,4,21
1909,20,4,21
1910,20,4,21
1911,20,4,21
1912,20,4,21
1913,20,4,21
1914,20,4,21
1915,20,4,21
1916,20,4,21
1917,20,4,21
1918,20,4,21
1919,20,4,21
1920,20,4,21
1921,20,4,21
1922,20,4,21
1923,20,4,21
1924,20,4,21
1925,20,4,21
1926,20,4,21
1927,20,4,21
1928,20,4,21
1929,20,4,21
1930,20,4,21
1931,20,4,21
1932,21,4,21
1933,21,4,21
1934,21,4,21
1935,21,4,21
1936,21,4,21
1937,21,4,21
1938,21,4,21
1939,21,4,21
1940,21,4,21
1941,21,4,21
1942,21,4,21
1943,21,4,21
1944,21,4,21
1945,21,4,21
1946,21,4,21
1947,22,4,21
1948,22,4,21
1949,22,4,21
1950,22,4,21
1951,22,4,21
1952,22,4,21
1953,22,4,21
1954,22,4,21
1955,22,4,21
1956,22,4,21
1957,22,4,21
1958,22,4,21
1959,22,4,21
1960,22,4,20
1961,22,4,20
1962,22,4,20
1963,23,4,19
1964,23,4,20
1965,23,4,20
1966,23,4,20
1967,23,4,20
1968,23,4,20
1969,23,4,20
1970,23,4,20
1971,23,4,20
1972,23,4,20
1973,23,4,20
1974,23,4,20
1975,23,4,20
1976,22,4,20
1977,22,4,20
1978,22,4,20
1979,22,4,20
1980,22,4,20
1981,22,4,20
1982,22,4,20
1983,22,4,20
1984,22,4,20
1985,22,4,20
1986,22,4,20
1987,22,4,20
1988,22,4,20
1989,22,4,20
1990,21,4,20
1991,21,4,21
1992,21,4,21
1993,20,4,21
1994,20,4,21
1995,20,4,21
1996,20,4,21
1997,20,4,21
1998,20,4,21
1999,20,4,21
2000,20,4,21
2001,21,4,21
2002,21,4,21
2003,21,4,21
2004,21,4,21
2005,21,4,21
2006,21,4,21
2007,21,4,21
2008,21,4,21
2009,21,4,21
2010,22,4,21
2011,22,4,20
2012,22,4,20
2013,22,4,20
2014,22,4,20
2015,22,4,20
2016,22,4,20
2017,22,4,20
2018,22,4,20
2019,22,4,20
2020,22,4,20
2021,22,4,20
2022,22,4,20
2023,22,4,20
2024,22,4,20
2025,22,4,20
2026,22,4,20
2027,22,4,20
2028,22,4,20
2029,22,4,20
2030,22,4,20
2031,22,4,20
2032,22,4,20
2033,23,4,19
2034,23,4,20
2035,23,4,20
2036,23,4,20
2037,23,4,20
2038,23,4,20
2039,23,4,20
2040,23,4,20
2041,23,4,20
2042,23,4,20
2043,23,4,20
2044,23,4,20
2045,23,4,20
2046,23,4,20
2047,23,4,20
2048,23,4,20
2049,23,4,20
2050,23,4,20
2051,23,4,20
2052,23,4,20
2053,23,4,20
2054,23,4,20
2055,23,4,20
2056,23,4,20
2057,23,4,20
2058,23,4,20
2059,23,4,20
2060,23,4,20
2061,23,4,20
2062,23,4,20
2063,23,4,20
2064,23,4,20
2065,23,4,20
2066,22,4,20
2067,22,4,20
2068,22,4,20
2069,22,4,20
2070,22,4,20
2071,22,4,20
2072,22,4,20
2073,22,4,20
2074,22,4,20
2075,22,4,20
2076,22,4,20
2077,22,4,20
2078,22,4,20
2079,22,4,20
2080,22,4,20
2081,22,4,20
2082,22,4,20
2083,22,4,20
2084,22,4,20
2085,22,4,20
2086,22,4,20
2087,22,4,20
2088,22,4,20
2089,22,4,20
2090,22,4,20
2091,22,4,20
2092,22,4,20
2093,22,4,20
2094,22,4,20
2095,22,4,20
2096,22,4,20
2097,22,4,20
2098,23,4,19
2099,23,4,20
2100,23,4,20
2101,23,4,20
2102,23,4,20
2103,23,4,20
2104,23,4,20
2105,23,4,20
2106,23,4,20
2107,23,4,20
2108,23,4,20
2109,23,4,20
2110,23,4,20
2111,23,4,20
2112,23,4,20
2113,23,4,20
2114,23,4,20
2115,23,4,20
2116,23,4,20
2117,23,4,20
2118,23,4,20
2119,22,4,20
2120,22,4,20
2121,22,4,20
2122,22,4,20
2123,22,4,20
2124,22,4,20
2125,22,4,20
2126,22,4,19
2127,22,4,19
2128,22,4,19
2129,22,4,20
2130,22,4,20
2131,23,4,20
2132,22,4,20
2133,22,4,20
2134,21,4,20
2135,21,4,21
2136,21,4,21
2137,21,4,21
2138,21,4,21
2139,21,4,21
2140,21,4,21
2141,21,4,21
2142,21,4,21
2143,21,4,21
2144,21,4,21
2145,21,4,21
2146,21,4,21
2147,21,4,21
2148,21,4,21
2149,21,4,21
2150,21,4,21
2151,21,4,21
2152,21,4,21
2153,21,4,21
2154,21,4,21
2155,21,4,21
2156,21,4,21
2157,21,4,21
2158,21,4,21
2159,21,4,21
2160,21,4,21
2161,21,4,21
2162,21,4,21
2163,21,4,21
2164,21,4,21
2165,21,4,21
2166,21,4,21
2167,21,4,21
2168,21,4,21
2169,21,4,21
2170,21,4,21
2171,21,4,21
2172,21,4,21
2173,21,4,21
2174,21,4,21
2175,21,4,21
2176,22,4,21
2177,22,4,21
2178,22,4,21
2179,22,4,21
2180,22,4,21
2181,22,4,20
2182,22,4,20
2183,22,4,20
2184,22,4,20
2185,22,4,20
2186,22,4,20
2187,22,4,20
2188,22,4,20
2189,22,4,20
2190,22,4,20
2191,22,4,20
2192,22,4,20
2193,22,4,20
2194,22,4,20
2195,22,4,20
2196,22,4,20
2197,22,4,20
2198,22,4,20
2199,22,4,20
2200,22,4,20
2201,22,4,20
2202,22,4,20
2203,22,4,20
2204,22,4,20
2205,22,4,20
2206,22,4,20
2207,22,4,20
2208,22,4,20
2209,22,4,20
2210,22,4,20
2211,22,4,20
2212,22,4,20
2213,22,4,20
2214,22,4,20
2215,22,4,20
2216,22,4,20
2217,22,4,20
2218,22,4,20
2219,22,4,20
2220,22,4,20
2221,22,4,20
2222,22,4,20
2223,22,4,20
2224,22,4,20
2225,22,4,20
2226,22,4,20
2227,22,4,20
2228,22,4,20
2229,22,4,20
2230,22,4,20
2231,22,4,20
2232,22,4,20
2233,22,4,20
2234,22,4,20
2235,22,4,20
2236,22,4,20
2237,22,4,20
2238,22,4,20
2239,22,4,20
2240,22,4,20
2241,21,4,20
2242,21,4,21
2243,21,4,21
2244,21,4,21
2245,21,4,21
2246,21,4,21
2247,21,4,21
2248,21,4,21
2249,21,4,21
2250,21,4,21
2251,22,4,21
2252,22,4,21
2253,22,4,21
2254,22,4,21
2255,22,4,20
2256,22,4,20
2257,22,4,20
2258,22,4,20
2259,22,4,20
2260,22,4,20
2261,22,4,20
2262,22,4,20
2263,22,4,20
2264,22,4,20
2265,22,4,20
2266,22,4,20
2267,22,4,20
2268,22,4,20
2269,22,4,20
2270,22,4,19
2271,21,4,18
2272,22,4,17
2273,22,4,18
2274,22,4,19
2275,22,4,20
2276,22,4,20
2277,22,4,20
2278,22,4,20
2279,22,4,20
2280,22,4,20
2281,22,4,20
2282,22,4,20
2283,22,4,20
2284,22,4,20
2285,22,4,20
2286,23,4,19
2287,23,4,20
2288,23,4,20
2289,23,4,20
2290,23,4,20
2291,23,4,20
2292,23,4,20
2293,23,4,20
2294,23,4,20
2295,23,4,20
2296,23,4,20
2297,22,4,20
2298,22,4,20
2299,22,4,20
2300,22,4,20
2301,22,4,20
2302,22,4,20
2303,22,4,20
2304,22,4,20
2305,22,4,20
2306,22,4,20
2307,22,4,20
2308,22,4,20
2309,22,4,20
2310,22,4,20
2311,23,4,19
2312,23,4,20
2313,23,4,20
2314,24,4,20
2315,24,4,20
2316,24,4,20
2317,24,4,20
2318,24,4,20
2319,24,4,20
2320,24,4,20
2321,24,4,20
2322,24,4,20
2323,24,4,20
2324,24,4,20
2325,24,4,19
2326,24,4,19
2327,24,4,19
2328,24,4,19
2329,24,4,19
2330,24,4,19
2331,24,4,19
2332,24,4,19
2333,25,4,19
2334,25,4,19
2335,26,4,19
2336,26,4,19
2337,26,4,19
2338,26,4,19
2339,26,4,19
2340,26,4,19
2341,26,4,19
2342,26,4,19
2343,26,4,19
2344,26,4,19
2345,26,4,19
2346,26,4,19
2347,26,4,19
2348,26,4,19
2349,26,4,18
2350,26,4,18
2351,26,4,18
2352,26,4,18
2353,26,4,18
2354,26,4,18
2355,26,4,18
2356,26,4,18
2357,26,4,18
2358,26,4,18
2359,26,4,18
2360,26,4,18
2361,26,4,18
2362,26,4,18
2363,26,4,18
2364,26,4,18
2365,26,4,17
2366,26,4,18
2367,26,4,18
2368,26,4,18
2369,26,4,18
2370,26,4,18
2371,26,4,18
2372,26,4,18
2373,26,4,18
2374,26,4,18
2375,26,4,18
2376,26,4,18
2377,26,4,18
2378,26,4,18
2379,26,4,18
2380,26,4,18
2381,27,4,17
2382,28,4,17
2383,28,4,17
2384,28,4,17
2385,28,4,17
2386,28,4,17
2387,28,4,17
2388,28,4,17
2389,28,4,17
2390,28,4,17
2391,28,4,17
2392,29,4,17
2393,29,4,17
2394,29,4,17
2395,29,4,17
2396,29,4,17
2397,29,4,17
2398,29,4,17
2399,29,4,17
2400,29,4,17
2401,29,4,17
2402,29,4,17
2403,29,4,17
2404,29,4,17
2405,29,4,17
2406,29,4,17
2407,29,4,17
2408,29,4,17
2409,29,4,17
2410,29,4,17
2411,29,4,17
2412,29,4,17
2413,29,4,17
2414,29,4,17
2415,29,4,17
2416,29,4,17
2417,29,4,17
2418,29,4,17
2419,28,4,17
2420,28,4,17
2421,28,4,17
2422,28,4,17
2423,28,4,17
2424,28,4,17
2425,28,4,17
2426,28,4,17
2427,28,4,17
2428,28,4,17
2429,28,4,17
2430,28,4,17
2431,28,4,17
2432,28,4,17
2433,28,4,17
2434,28,4,17
2435,28,4,17
2436,28,4,17
2437,28,4,17
2438,28,4,17
2439,28,4,17
2440,28,4,17
2441,28,4,17
2442,28,4,17
2443,28,4,17
2444,28,4,17
2445,28,4,17
2446,28,4,17
2447,28,4,17
2448,28,4,17
2449,28,4,17
2450,28,4,17
2451,28,4,17
2452,28,4,17
2453,28,4,17
2454,28,4,17
2455,28,4,17
2456,29,4,17
2457,29,4,17
2458,29,4,17
2459,29,4,17
2460,29,4,17
2461,29,4,17
2462,29,4,17
2463,29,4,17
2464,29,4,17
2465,29,4,17
2466,29,4,17
2467,29,4,17
2468,29,4,17
2469,29,4,17
2470,29,4,17
2471,29,4,17
2472,29,4,17
2473,29,4,17
2474,29,4,17
2475,29,4,17
2476,29,4,17
2477,29,4,17
2478,29,4,17
2479,29,4,17
2480,29,4,17
2481,29,4,17
2482,29,4,17
2483,29,4,17
2484,29,4,17
2485,29,4,17
2486,29,4,17
2487,29,4,17
2488,29,4,17
2489,29,4,17
2490,29,4,17
2491,29,4,17
2492,29,4,17
2493,29,4,17
2494,29,4,17
2495,29,4,17
2496,29,4,17
2497,29,4,17
2498,29,4,17
2499,29,4,17
2500,29,4,17
2501,29,4,17
2502,29,4,17
2503,29,4,17
2504,29,4,17
2505,29,4,17
2506,29,4,17
2507,29,4,17
2508,29,4,17
2509,29,4,17
2510,29,4,17
2511,29,4,17
2512,29,4,17
2513,29,4,17
2514,29,4,17
2515,29,4,17
2516,29,4,17
2517,29,4,17
2518,29,4,17
2519,29,4,17
2520,30,4,17
2521,30,4,17
2522,30,4,17
2523,30,4,17
2524,30,4,17
2525,30,4,16
2526,31,4,16
2527,31,4,16
2528,31,4,16
2529,31,4,16
2530,31,4,16
2531,31,4,16
2532,31,4,16
2533,31,4,16
2534,31,4,16
2535,31,4,16
2536,31,4,16
2537,32,4,16
2538,32,4,16
2539,32,4,16
2540,32,4,15
2541,32,4,15
2542,32,4,15
2543,32,4,15
2544,32,4,15
2545,32,4,15
2546,32,4,15
2547,31,5,15
2548,31,5,16
2549,31,5,16
2550,31,5,16
2551,30,5,16
2552,30,5,16
2553,30,5,16
2554,30,5,16
2555,31,5,16
2556,31,5,16
2557,31,5,16
2558,31,5,16
2559,31,5,16
2560,31,5,16
2561,31,5,16
2562,31,5,16
2563,31,5,16
2564,31,5,16
2565,31,5,16
2566,31,5,16
2567,31,5,16
2568,31,5,16
2569,31,5,16
2570,31,5,16
2571,31,5,16
2572,31,5,16
2573,31,5,16
2574,31,5,16
2575,31,5,16
2576,31,5,16
2577,31,5,16
2578,30,5,16
2579,30,5,16
2580,30,5,16
2581,30,5,16
2582,30,5,16
2583,30,5,16
2584,30,5,16
2585,30,5,16
2586,30,5,16
2587,30,5,16
2588,30,5,16
2589,30,5,16
2590,30,5,16
2591,30,5,16
2592,30,5,16
2593,30,5,16
2594,30,5,16
2595,30,5,16
2596,30,5,16
2597,30,5,16
2598,30,5,16
2599,30,5,16
2600,30,5,16
2601,30,5,16
2602,30,5,16
2603,30,5,16
2604,30,5,16
2605,30,5,16
2606,30,5,16
2607,30,5,16
2608,31,5,16
2609,31,5,16
2610,31,5,16
2611,30,5,16
2612,30,5,16
2613,30,5,16
2614,30,5,16
2615,30,5,16
2616,30,5,16
2617,30,5,16
2618,30,5,16
2619,30,5,16
2620,30,5,16
2621,30,5,16
2622,30,5,16
2623,30,5,16
2624,30,5,16
2625,30,5,16
2626,30,5,16
2627,30,5,16
2628,30,5,16
2629,30,5,16
2630,30,5,16
2631,30,5,16
2632,30,5,16
2633,30,5,16
2634,30,5,16
2635,30,5,16
2636,30,5,16
2637,30,5,16
2638,30,5,16
2639,30,5,16
2640,30,5,16
2641,30,5,16
2642,30,5,16
2643,30,5,16
2644,29,5,16
2645,29,5,17
2646,29,5,17
2647,29,5,17
2648,29,5,17
2649,29,5,17
2650,29,5,17
2651,29,5,17
2652,29,5,17
2653,29,5,17
2654,29,5,17
2655,29,5,17
2656,29,5,17
2657,29,5,17
2658,29,5,17
2659,29,5,17
2660,29,5,17
2661,29,5,17
2662,29,5,17
2663,29,5,17
2664,29,5,17
2665,29,5,17
2666,29,5,17
2667,29,5,17
2668,29,5,17
2669,29,5,17
2670,29,5,17
2671,29,5,17
2672,29,5,17
2673,29,5,17
2674,29,5,17
2675,29,5,17
2676,29,5,17
2677,29,5,17
2678,29,5,17
2679,29,5,17
2680,29,5,17
2681,29,5,17
2682,29,5,17
2683,29,5,17
2684,29,5,17
2685,29,5,17
2686,29,5,17
2687,29,5,17
2688,28,5,17
2689,28,5,17
2690,28,5,17
2691,28,5,17
2692,28,5,17
2693,28,5,17
2694,28,5,17
2695,28,5,17
2696,28,5,17
2697,28,5,17
2698,28,5,17
2699,28,5,17
2700,28,5,17
2701,28,5,17
2702,28,5,17
2703,28,5,17
2704,28,5,17
2705,28,5,17
2706,28,5,17
2707,28,5,17
2708,28,5,17
2709,29,5,17
2710,29,5,17
2711,29,5,17
2712,29,5,17
2713,29,5,17
2714,29,5,17
2715,29,5,17
2716,30,5,16
2717,30,5,16
2718,30,5,16
2719,30,5,16
2720,30,5,16
2721,30,5,16
2722,30,5,16
2723,30,5,16
2724,30,5,16
2725,30,5,16
2726,30,5,16
2727,30,5,15
2728,30,5,15
2729,30,5,16
2730,30,5,16
2731,30,5,16
2732,30,5,16
2733,30,5,16
2734,30,5,16
2735,30,5,16
2736,30,5,16
2737,30,5,16
2738,30,5,16
2739,30,5,16
2740,30,5,16
2741,30,5,16
2742,30,5,16
2743,31,5,16
2744,31,5,16
2745,31,5,16
2746,29,5,16
2747,29,5,16
2748,29,5,17
2749,29,5,17
2750,29,5,17
2751,29,5,17
2752,29,5,17
2753,29,5,17
2754,29,5,17
2755,29,5,17
2756,29,5,17
2757,29,5,17
2758,29,5,17
2759,29,5,17
2760,29,5,17
2761,29,5,17
2762,29,5,17
2763,29,5,17
2764,29,5,17
2765,29,5,17
2766,29,5,17
2767,29,5,17
2768,29,5,17
2769,29,5,17
2770,29,5,17
2771,29,5,17
2772,29,5,17
2773,29,5,17
2774,29,5,17
2775,28,5,17
2776,28,5,17
2777,28,5,17
2778,28,5,17
2779,28,5,17
2780,28,5,17
2781,28,5,17
2782,28,5,17
2783,28,5,17
2784,28,5,17
2785,28,5,17
2786,28,5,17
2787,28,5,17
2788,28,5,17
2789,28,5,17
2790,28,5,17
2791,28,5,17
2792,28,5,17
2793,28,5,17
2794,28,5,17
2795,28,5,17
2796,28,5,17
2797,28,5,17
2798,28,5,17
2799,28,5,17
2800,28,5,17
2801,28,5,17
2802,28,5,17
2803,28,5,17
2804,28,5,17
2805,28,5,17
2806,28,5,17
2807,28,5,17
2808,28,5,17
2809,28,5,17
2810,28,5,17
2811,28,5,17
2812,28,5,17
2813,28,5,17
2814,28,5,17
2815,28,5,17
2816,28,5,17
2817,28,5,17
2818,28,5,17
2819,28,5,17
2820,28,5,17
2821,28,5,17
2822,28,5,17
2823,28,5,17
2824,28,5,17
2825,28,5,17
2826,28,5,17
2827,28,5,17
2828,28,5,17
2829,28,5,17
2830,28,5,17
2831,28,5,17
2832,28,5,17
2833,28,5,17
2834,28,5,17
2835,28,5,17
2836,28,5,17
2837,28,5,17
2838,28,5,17
2839,28,5,17
2840,28,5,17
2841,28,5,17
2842,28,5,17
2843,28,5,17
2844,28,5,17
2845,28,5,17
2846,28,5,17
2847,28,5,17
2848,29,5,17
2849,29,5,17
2850,29,5,17
2851,29,5,17
2852,29,5,17
2853,29,5,17
2854,29,5,17
2855,29,5,17
2856,29,5,17
2857,29,5,17
2858,29,5,17
2859,29,5,17
2860,29,5,17
2861,29,5,17
2862,29,5,17
2863,29,5,17
2864,29,5,17
2865,29,5,17
2866,29,5,17
2867,29,5,17
2868,29,5,17
2869,29,5,17
2870,29,5,17
2871,29,5,17
2872,29,5,17
2873,29,5,17
2874,29,5,17
2875,29,5,17
2876,29,5,17
2877,29,5,17
2878,29,5,17
2879,29,5,17
2880,29,5,17
2881,29,5,17
2882,29,5,17
2883,29,5,17
2884,28,5,17
2885,28,5,17
2886,28,5,17
2887,28,5,17
2888,28,5,17
2889,27,5,17
2890,26,5,18
2891,26,5,18
2892,25,5,18
2893,25,5,19
2894,25,5,19
2895,25,5,19
2896,25,5,19
2897,24,5,19
2898,24,4,19
2899,24,4,19
2900,24,4,19
2901,24,4,19
2902,24,4,19
2903,23,4,19
2904,23,4,20
2905,23,4,20
2906,23,4,20
2907,23,4,20
2908,23,4,20
2909,23,4,20
2910,23,4,20
2911,23,4,20
2912,23,4,20
2913,23,4,20
2914,23,4,20
2915,23,4,20
2916,23,4,20
2917,23,4,20
2918,24,4,20
2919,24,4,20
2920,23,5,19
2921,23,5,20
2922,23,5,20
2923,23,5,20
2924,23,5,20
2925,23,5,20
2926,23,5,20
2927,23,5,20
2928,23,5,20
2929,23,5,20
2930,24,5,20
2931,24,5,20
2932,24,5,20
2933,24,5,20
2934,24,5,20
2935,24,5,20
2936,24,5,20
2937,24,5,20
2938,24,5,20
2939,24,5,20
2940,24,5,20
2941,24,5,20
2942,24,5,19
2943,24,5,19
2944,23,5,19
2945,23,5,20
2946,23,5,20
2947,23,5,20
2948,23,5,20
2949,23,5,20
2950,23,5,20
2951,23,5,20
2952,23,5,20
2953,23,5,20
2954,23,5,20
2955,23,5,20
2956,23,5,20
2957,23,5,20
2958,23,5,20
2959,24,5,20
2960,24,5,19
2961,24,5,19
2962,24,4,19
2963,24,4,19
2964,24,4,19
2965,24,4,19
2966,24,4,19
2967,24,4,19
2968,24,4,19
2969,24,4,19
2970,24,4,19
2971,24,4,19
2972,24,4,19
2973,24,4,19
2974,24,4,19
2975,24,4,19
2976,24,4,19
2977,24,4,19
2978,24,4,19
2979,24,4,19
2980,24,4,19
2981,24,4,19
2982,24,4,19
2983,24,4,19
2984,24,4,19
2985,24,4,19
2986,24,4,19
2987,24,4,19
2988,24,4,19
2989,24,4,19
2990,24,4,19
2991,24,4,19
2992,24,4,19
2993,24,4,19
2994,24,4,19
2995,24,4,19
2996,24,4,19
2997,24,4,19
2998,24,4,19
2999,24,4,19
3000,24,4,19
3001,24,4,19
3002,24,4,19
3003,24,4,19
3004,24,4,19
3005,24,4,19
3006,24,4,19
3007,24,4,19
3008,24,4,19
3009,25,4,19
3010,25,4,19
3011,25,4,19
3012,24,4,19
3013,24,4,19
3014,24,4,19
3015,24,4,19
3016,24,4,19
3017,24,4,19
3018,24,4,19
3019,24,4,19
3020,24,4,19
3021,24,4,19
3022,24,4,19
3023,24,4,19
3024,24,4,19
3025,24,4,19
3026,24,4,19
3027,24,4,19
3028,25,4,19
3029,25,4,19
3030,25,4,19
3031,25,4,19
3032,26,4,19
3033,26,4,19
3034,26,4,19
3035,26,4,19
3036,25,4,19
3037,25,4,19
3038,25,4,19
3039,25,4,19
3040,25,4,19
3041,25,4,19
3042,25,4,19
3043,25,4,19
3044,25,4,19
3045,25,4,19
3046,25,4,19
3047,24,4,19
3048,24,4,19
3049,24,4,19
3050,24,4,19
3051,24,4,19
3052,24,4,19
3053,24,4,19
3054,24,4,19
3055,24,4,19
3056,24,4,19
3057,24,4,19
3058,24,4,19
3059,24,4,19
3060,24,4,19
3061,24,4,19
3062,24,4,19
3063,24,4,19
3064,24,4,19
3065,24,4,19
3066,24,4,19
3067,24,4,19
3068,24,4,19
3069,24,4,19
3070,24,4,19
3071,25,4,18
3072,25,4,19
3073,25,4,19
3074,25,4,19
3075,25,4,19
3076,25,4,19
3077,25,4,19
3078,25,4,19
3079,25,4,19
3080,25,4,19
3081,25,4,19
3082,25,4,19
3083,25,4,19
3084,25,4,19
3085,25,4,19
3086,25,4,19
3087,25,4,19
3088,25,4,19
3089,25,4,19
3090,25,4,19
3091,25,4,19
3092,25,4,19
3093,25,4,19
3094,26,4,19
3095,26,4,19
3096,26,4,18
3097,26,4,18
3098,26,4,18
3099,26,4,18
3100,26,4,18
3101,26,4,18
3102,26,4,18
3103,26,4,18
3104,26,4,18
3105,26,4,18
3106,26,4,18
3107,26,4,18
3108,26,4,18
3109,26,4,18
3110,26,4,18
3111,26,4,18
3112,26,4,18
3113,26,4,18
3114,26,4,18
3115,26,4,18
3116,26,4,18
3117,26,4,18
3118,26,4,18
3119,26,4,18
3120,26,4,18
3121,26,4,18
3122,26,4,18
3123,26,4,18
3124,26,4,18
3125,26,4,18
3126,26,4,18
3127,26,4,18
3128,26,4,18
3129,26,4,18
3130,26,4,18
3131,26,4,18
3132,26,4,18
3133,26,4,18
3134,26,4,18
3135,26,4,18
3136,26,4,18
3137,26,4,18
3138,26,4,18
3139,26,4,18
3140,26,4,18
3141,26,4,18
3142,26,4,18
3143,26,4,18
3144,26,4,18
3145,26,4,18
3146,26,4,18
3147,26,4,18
3148,26,4,18
3149,26,4,18
3150,26,4,18
3151,26,4,18
3152,26,4,18
3153,26,4,18
3154,26,4,18
3155,26,4,18
3156,26,4,18
3157,26,4,18
3158,26,4,18
3159,26,4,18
3160,26,4,18
3161,26,4,18
3162,26,4,18
3163,26,4,18
3164,26,4,18
3165,26,4,18
3166,26,4,18
3167,26,4,18
3168,26,4,18
3169,26,4,18
3170,26,4,18
3171,26,4,18
3172,26,4,18
3173,26,4,18
3174,26,4,18
3175,26,4,18
3176,26,4,18
3177,26,4,18
3178,26,4,18
3179,26,4,18
3180,26,4,18
3181,26,4,18
3182,26,4,18
3183,26,4,18
3184,26,4,18
3185,26,4,18
3186,26,4,18
3187,26,4,18
3188,26,4,18
3189,26,4,18
3190,26,4,18
3191,26,4,18
3192,26,4,18
3193,26,4,18
3194,26,4,18
3195,26,4,18
3196,26,4,18
3197,26,4,18
3198,26,4,18
3199,26,4,18
3200,26,4,18
3201,26,4,18
3202,26,4,18
3203,26,4,18
3204,26,4,18
3205,26,4,18
3206,26,4,18
3207,26,4,18
3208,26,4,18
3209,26,4,18
3210,26,4,18
3211,26,4,18
3212,26,4,18
3213,26,4,18
3214,26,4,18
3215,26,4,18
3216,26,4,18
3217,26,4,18
3218,26,4,18
3219,26,4,18
3220,26,3,18
3221,26,3,18
3222,27,3,17
3223,26,3,17
3224,26,3,17
3225,26,3,17
3226,26,3,17
3227,27,3,17
3228,27,3,17
3229,27,3,17
3230,27,3,17
3231,27,3,17
3232,27,3,17
3233,27,3,17
3234,27,3,17
3235,27,3,17
3236,27,3,17
3237,28,3,17
3238,28,3,17
3239,28,3,17
3240,28,3,17
3241,28,3,17
3242,28,3,17
3243,28,3,17
3244,28,3,17
3245,28,3,17
3246,28,3,17
3247,28,3,17
3248,28,3,17
3249,28,3,17
3250,28,3,16
3251,28,3,16
3252,28,3,16
3253,28,3,16
3254,28,3,16
3255,28,3,16
3256,28,3,16
3257,28,3,16
3258,28,3,16
3259,28,3,16
3260,28,3,16
3261,28,3,16
3262,28,3,16
3263,28,3,16
3264,28,3,16
3265,28,3,16
3266,28,3,16
3267,28,3,16
3268,28,3,16
3269,28,3,16
3270,28,3,16
3271,28,3,16
3272,29,3,16
3273,29,3,16
3274,29,3,16
3275,29,3,16
3276,29,3,16
3277,29,3,16
3278,29,3,16
3279,29,2,16
3280,29,2,16
3281,29,2,16
3282,29,2,16
3283,29,2,16
3284,29,2,16
3285,29,2,16
3286,29,2,16
3287,29,2,16
3288,29,2,16
3289,29,2,16
3290,29,2,16
3291,29,2,16
3292,29,2,16
3293,29,2,16
3294,29,2,16
3295,29,2,16
3296,29,2,16
3297,29,2,16
3298,29,2,16
3299,29,2,16
3300,29,2,16
3301,29,2,16
3302,29,2,16
3303,29,2,16
3304,29,2,16
3305,29,2,16
3306,29,2,16
3307,29,2,16
3308,29,2,16
3309,29,2,16
3310,29,2,16
3311,29,1,16
3312,29,1,16
3313,29,1,16
3314,29,1,16
3315,29,1,16
3316,29,1,16
3317,29,1,16
3318,29,1,16
3319,29,1,16
3320,29,1,16
3321,29,1,16
3322,29,1,16
3323,29,1,16
3324,29,1,16
3325,29,1,16
3326,29,1,16
3327,29,1,16
3328,29,1,16
3329,29,1,16
3330,29,1,16
3331,29,1,16
3332,28,1,16
3333,28,1,16
3334,28,1,16
3335,28,1,16
3336,28,1,16
3337,28,1,16
3338,28,1,16
3339,28,1,16
3340,28,1,16
3341,28,1,16
3342,27,1,16
3343,27,1,17
3344,27,1,17
3345,27,1,17
3346,27,1,17
3347,27,1,17
3348,27,1,17
3349,27,1,17
3350,27,1,17
3351,27,1,17
3352,27,1,17
3353,27,1,17
3354,27,1,17
3355,27,1,17
3356,27,1,17
3357,27,1,17
3358,27,1,17
3359,27,1,17
3360,27,1,17
3361,27,1,17
3362,27,1,17
3363,27,1,17
3364,27,1,17
3365,27,1,17
3366,28,1,17
3367,28,1,17
3368,28,1,17
3369,28,1,17
3370,29,1,16
3371,29,1,16
3372,29,1,16
3373,29,1,16
3374,29,1,16
3375,29,1,16
3376,29,1,16
3377,29,1,16
3378,29,1,16
3379,29,1,16
3380,29,1,16
3381,29,1,16
3382,29,1,16
3383,29,1,16
3384,29,1,16
3385,29,1,16
3386,30,1,16
3387,30,1,16
3388,30,1,16
3389,30,1,16
3390,30,1,16
3391,30,1,16
3392,30,1,16
3393,30,1,16
3394,30,1,16
3395,30,1,16
3396,30,1,16
3397,30,1,16
3398,31,1,15
3399,31,1,15
3400,31,1,15
3401,31,1,15
3402,31,1,15
3403,31,1,15
3404,31,1,15
3405,31,1,15
3406,31,1,15
3407,31,1,15
3408,31,1,14
3409,31,1,15
3410,31,1,15
3411,31,1,15
3412,31,1,15
3413,31,1,15
3414,31,1,15
3415,31,1,15
3416,31,1,15
3417,31,1,15
3418,30,1,15
3419,30,1,15
3420,30,1,15
3421,30,1,15
3422,30,1,15
3423,30,1,15
3424,30,1,15
3425,30,1,15
3426,30,1,15
3427,30,1,15
3428,30,1,15
3429,30,1,15
3430,30,1,15
3431,30,1,15
3432,30,1,15
3433,31,1,15
3434,31,1,15
3435,31,1,15
3436,31,1,15
3437,31,1,15
3438,31,1,15
3439,31,1,15
3440,31,1,15
3441,31,1,15
3442,31,1,15
3443,31,1,15
3444,31,1,15
3445,31,1,15
3446,31,1,15
3447,31,1,15
3448,31,1,15
3449,31,1,15
3450,31,1,15
3451,31,1,15
3452,31,1,15
3453,31,1,15
3454,31,1,15
3455,31,1,15
3456,31,1,15
3457,31,1,15
3458,31,1,15
3459,31,1,14
3460,31,1,15
3461,31,1,15
3462,31,1,15
3463,31,1,15
3464,31,1,15
3465,31,1,15
3466,31,1,15
3467,31,1,15
3468,32,1,15
3469,32,1,15
3470,32,1,15
3471,32,1,15
3472,32,1,15
3473,33,1,14
3474,33,1,14
3475,33,1,14
3476,33,1,14
3477,33,1,14
3478,33,1,14
3479,33,1,14
3480,33,1,14
3481,33,1,14
3482,33,1,14
3483,33,1,14
3484,33,1,14
3485,33,1,14
3486,33,1,14
3487,33,1,14
3488,33,1,14
3489,33,1,14
3490,33,1,14
3491,33,1,14
3492,33,1,14
3493,33,1,14
3494,33,1,14
3495,33,1,14
3496,33,1,14
3497,33,1,14
3498,33,1,14
3499,33,1,14
3500,33,1,14
3501,33,1,14
3502,33,1,14
3503,33,1,14
3504,33,1,14
3505,33,1,14
3506,33,1,14
3507,33,1,14
3508,33,1,14
3509,33,1,14
3510,33,1,14
3511,33,1,14
3512,33,1,14
3513,33,1,14
3514,33,1,14
3515,33,1,14
3516,33,1,14
3517,33,1,14
3518,33,1,14
3519,33,1,14
3520,33,1,14
3521,33,1,14
3522,33,1,14
3523,33,1,14
3524,33,1,14
3525,33,1,14
3526,33,1,14
3527,33,1,14
3528,33,1,14
3529,33,1,14
3530,33,1,14
3531,33,1,14
3532,34,1,14
3533,34,1,14
3534,34,1,14
3535,34,1,14
3536,34,1,14
3537,34,1,14
3538,34,1,14
3539,34,1,13
3540,34,1,13
3541,34,1,13
3542,33,1,13
3543,33,1,14
3544,33,1,14
3545,33,1,14
3546,33,1,14
3547,33,1,14
3548,33,1,14
3549,33,1,14
3550,33,1,14
3551,33,1,14
3552,33,1,14
3553,33,1,14
3554,33,1,14
3555,33,1,14
3556,33,1,14
3557,33,1,14
3558,33,1,14
3559,33,1,14
3560,33,1,14
3561,33,1,14
3562,33,1,14
3563,33,1,14
3564,33,1,14
3565,33,1,14
3566,33,1,14
3567,33,1,14
3568,33,1,14
3569,33,1,14
3570,33,1,14
3571,33,1,14
3572,33,1,14
3573,33,1,14
3574,33,1,14
3575,33,1,14
3576,33,1,14
3577,33,1,14
3578,33,1,14
3579,33,1,14
3580,33,1,14
3581,33,1,14
3582,33,1,14
3583,33,1,14
3584,33,1,14
3585,33,1,14
3586,33,1,14
3587,33,1,14
3588,33,1,14
3589,33,1,14
3590,33,1,14
3591,33,1,14
3592,33,1,14
3593,33,1,14
3594,33,1,14
3595,33,1,14
3596,33,1,14
3597,33,1,14
3598,33,1,14
3599,33,1,14
3600,33,1,14
3601,33,1,14
3602,33,1,14
3603,33,1,14
3604,33,1,14
3605,33,1,14
3606,33,1,14
3607,33,1,14
3608,33,1,14
3609,33,1,14
3610,33,1,14
3611,33,1,14
3612,33,1,14
3613,33,1,14
3614,33,1,14
3615,33,1,14
3616,33,1,14
3617,33,1,14
3618,33,1,14
3619,33,1,14
3620,33,1,14
3621,33,1,14
3622,33,1,14
3623,33,1,14
3624,33,1,14
3625,33,1,14
3626,33,1,14
3627,33,1,14
3628,33,1,14
3629,33,1,14
3630,33,1,14
3631,33,1,14
3632,33,1,14
3633,33,1,14
3634,33,1,14
3635,33,1,14
3636,33,1,14
3637,33,1,14
3638,33,1,14
3639,33,1,14
3640,33,1,14
3641,33,1,14
3642,33,1,14
3643,33,1,14
3644,33,1,14
3645,33,1,14
3646,33,1,14
3647,33,1,14
3648,33,1,14
3649,33,1,14
3650,33,1,14
3651,33,1,14
3652,33,1,14
3653,33,1,14
3654,33,1,14
3655,33,1,14
3656,33,1,14
3657,33,1,14
3658,33,1,14
3659,33,1,14
3660,33,1,14
3661,33,1,14
3662,33,1,14
3663,33,1,14
3664,34,1,14
3665,34,1,14
3666,34,1,14
3667,34,1,14
3668,34,1,14
3669,34,1,14
3670,35,1,13
3671,35,1,13
3672,35,1,13
3673,35,1,13
3674,36,1,13
3675,36,1,13
3676,36,1,13
3677,36,1,13
3678,36,1,13
3679,36,1,13
3680,36,1,12
3681,36,1,12
3682,37,1,12
3683,37,1,12
3684,37,1,12
3685,37,1,12
3686,37,1,12
3687,36,1,12
3688,36,1,12
3689,36,1,12
3690,36,1,11
3691,36,1,12
3692,36,1,12
3693,36,1,12
3694,36,1,12
3695,36,1,12
3696,36,1,12
3697,36,1,12
3698,36,1,12
3699,36,1,12
3700,36,1,12
3701,36,1,12
3702,36,1,12
3703,36,1,12
3704,36,1,12
3705,36,1,12
3706,36,1,12
3707,36,1,12
3708,36,1,12
3709,36,1,12
3710,36,1,12
3711,36,1,12
3712,36,1,12
3713,36,1,12
3714,36,1,12
3715,36,1,12
3716,36,1,12
3717,36,1,12
3718,36,1,12
3719,36,1,12
3720,36,1,12
3721,36,1,12
3722,36,1,12
3723,36,1,12
3724,36,1,12
3725,36,1,12
3726,36,1,12
3727,36,1,12
3728,36,1,12
3729,36,1,12
3730,35,1,12
3731,35,1,13
3732,35,1,13
3733,35,1,13
3734,35,1,13
3735,35,1,13
3736,35,1,13
3737,35,1,13
3738,35,1,13
3739,35,1,13
3740,35,1,13
3741,35,1,13
3742,35,1,13
3743,35,1,13
3744,35,1,13
3745,35,1,13
3746,35,1,13
3747,35,1,13
3748,35,1,13
3749,35,1,13
3750,35,1,13
3751,35,1,13
3752,35,1,13
3753,35,1,13
3754,35,1,13
3755,35,1,13
3756,35,1,12
3757,35,1,13
3758,35,1,13
3759,35,1,13
3760,35,1,13
3761,35,1,13
3762,35,1,13
3763,35,1,13
3764,35,1,13
3765,35,1,13
3766,35,1,13
3767,35,1,13
3768,35,1,13
3769,35,1,13
3770,35,1,13
3771,35,1,13
3772,35,1,13
3773,35,1,13
3774,35,1,13
3775,35,1,13
3776,35,1,13
3777,35,1,13
3778,35,1,13
3779,35,1,13
3780,35,1,13
3781,35,1,13
3782,35,1,13
3783,36,1,13
3784,36,1,13
3785,36,1,13
3786,36,1,13
3787,35,1,13
3788,35,1,13
3789,35,1,13
3790,35,1,13
3791,35,1,13
3792,35,1,13
3793,35,1,13
3794,35,1,13
3795,35,1,13
3796,35,1,13
3797,35,1,13
3798,35,1,13
3799,35,1,13
3800,35,1,13
3801,35,1,13
3802,35,1,13
3803,35,1,13
3804,35,1,13
3805,35,1,13
3806,35,1,12
3807,35,1,13
3808,35,1,13
3809,35,1,13
3810,35,1,13
3811,35,1,13
3812,35,1,13
3813,35,1,13
3814,35,1,13
3815,35,1,13
3816,35,1,13
3817,35,1,13
3818,35,1,13
3819,35,1,13
3820,35,1,13
3821,35,1,13
3822,35,1,13
3823,35,1,13
3824,35,1,13
3825,35,1,13
3826,35,1,13
3827,35,1,13
3828,35,1,13
3829,35,1,13
3830,35,1,13
3831,35,1,13
3832,35,1,13
3833,35,1,13
3834,35,1,13
3835,35,1,13
3836,35,1,13
3837,35,1,13
3838,35,1,13
3839,35,1,13
3840,35,1,13
3841,35,1,13
3842,35,1,13
3843,35,1,13
3844,35,1,13
3845,35,1,13
3846,35,1,13
3847,35,1,13
3848,35,1,13
3849,35,1,13
3850,35,1,13
3851,35,1,13
3852,35,1,13
3853,35,1,13
3854,35,1,13
3855,35,1,13
3856,35,1,13
3857,35,1,13
3858,35,1,13
3859,35,1,13
3860,35,1,13
3861,35,1,13
3862,35,1,13
3863,35,1,13
3864,35,1,13
3865,35,1,13
3866,35,1,13
3867,35,1,13
3868,36,1,13
3869,36,1,13
3870,36,1,13
3871,36,1,13
3872,36,1,13
3873,36,1,13
3874,36,1,13
3875,36,1,13
3876,36,1,13
3877,36,1,13
3878,36,1,13
3879,36,1,13
3880,36,1,13
3881,36,1,13
3882,36,1,13
3883,36,1,13
3884,36,1,13
3885,36,1,12
3886,36,1,12
3887,36,1,12
3888,36,1,12
3889,36,1,12
3890,36,1,12
3891,36,1,12
3892,36,1,12
3893,36,1,12
3894,36,1,12
3895,36,1,12
3896,36,1,12
3897,36,1,12
3898,36,1,12
3899,36,1,12
3900,36,1,12
3901,36,1,12
3902,37,1,12
3903,36,1,11
3904,37,1,11
3905,37,1,11
3906,37,1,12
3907,37,1,12
3908,37,1,12
3909,37,1,12
3910,37,1,12
3911,37,1,12
3912,38,1,11
3913,38,1,11
3914,38,1,11
3915,38,1,11
3916,38,1,11
3917,38,1,11
3918,38,1,11
3919,38,1,11
3920,38,1,11
3921,38,1,11
3922,38,1,11
3923,39,1,11
3924,39,1,11
3925,39,1,11
3926,40,1,11
3927,40,1,11
3928,40,1,11
3929,40,1,11
3930,40,1,11
3931,40,1,10
3932,40,1,10
3933,40,1,10
3934,40,1,10
3935,40,1,10
3936,40,1,10
3937,40,1,10
3938,40,1,10
3939,40,1,10
3940,40,1,10
3941,40,1,10
3942,40,1,10
3943,41,1,10
3944,41,1,10
3945,41,1,10
3946,41,1,10
3947,41,1,10
3948,41,1,10
3949,41,1,10
3950,41,1,10
3951,41,1,10
3952,41,1,10
3953,41,1,10
3954,42,1,10
3955,42,1,10
3956,42,1,10
3957,42,1,10
3958,42,1,10
3959,42,1,10
3960,42,1,9
3961,42,1,9
3962,42,1,9
3963,42,1,9
3964,42,1,9
3965,42,1,9
3966,42,1,9
3967,42,1,9
3968,42,1,9
3969,42,1,9
3970,41,1,9
3971,41,1,10
3972,41,1,10
3973,41,1,10
3974,41,1,10
3975,41,1,10
3976,41,1,10
3977,41,1,10
3978,41,1,10
3979,41,1,10
3980,41,1,10
3981,41,1,10
3982,41,1,10
3983,41,1,10
3984,41,1,10
3985,41,1,10
3986,41,1,10
3987,41,1,10
3988,41,1,10
3989,41,1,10
3990,41,1,10
3991,42,1,10
3992,42,1,10
3993,42,1,10
3994,42,1,10
3995,42,1,10
3996,42,1,10
3997,42,1,9
3998,42,1,9
3999,42,1,9
4000,42,1,9
4001,42,1,9
4002,42,1,9
4003,42,1,9
4004,42,1,9
4005,42,1,9
4006,42,1,9
4007,42,1,9
4008,42,1,9
4009,42,1,9
4010,42,1,9
4011,42,1,9
4012,42,1,9
4013,42,1,9
4014,42,1,9
4015,42,1,9
4016,42,1,9
4017,42,1,9
4018,42,1,9
4019,42,1,9
4020,42,1,9
4021,42,1,9
4022,42,1,9
4023,42,1,9
4024,42,1,9
4025,42,1,9
4026,42,1,9
4027,42,1,9
4028,42,1,9
4029,42,1,9
4030,42,1,9
4031,42,1,9
4032,42,1,9
4033,42,1,9
4034,42,1,9
4035,42,1,9
4036,42,1,9
4037,42,1,9
4038,42,1,9
4039,42,1,9
4040,42,1,9
4041,42,1,9
4042,42,1,9
4043,42,1,9
4044,42,1,9
4045,42,1,9
4046,42,1,9
4047,42,1,9
4048,42,1,9
4049,42,1,9
4050,42,1,9
4051,42,1,8
4052,42,1,9
4053,42,1,9
4054,42,1,9
4055,42,1,9
4056,42,1,9
4057,43,1,9
4058,43,1,9
4059,43,1,8
4060,43,1,8
4061,43,1,9
4062,43,1,9
4063,43,1,9
4064,43,1,9
4065,43,1,9
4066,43,1,9
4067,43,1,9
4068,43,1,9
4069,43,1,9
4070,43,1,9
4071,43,1,9
4072,43,1,9
4073,43,1,9
4074,43,1,9
4075,43,1,9
4076,43,1,9
4077,43,1,9
4078,43,1,9
4079,43,1,9
4080,43,1,9
4081,44,1,9
4082,44,1,9
4083,44,1,9
4084,44,1,9
4085,44,1,9
4086,44,1,9
4087,44,1,9
4088,44,1,9
4089,44,1,9
4090,44,1,9
4091,44,1,9
4092,44,1,8
4093,44,1,8
4094,44,1,8
4095,44,1,8
4096,44,1,8
4097,44,1,8
4098,44,1,8
4099,44,1,8
4100,44,1,8
4101,44,1,8
4102,43,1,8
4103,43,1,9
4104,43,1,9
4105,43,1,9
4106,43,1,9
4107,43,1,9
4108,43,1,9
4109,43,1,9
4110,43,1,9
4111,43,1,9
4112,43,1,9
4113,43,1,9
4114,43,1,9
4115,43,1,9
4116,43,1,9
4117,43,1,9
4118,43,1,9
4119,43,1,9
4120,43,1,9
4121,43,1,9
4122,43,1,9
4123,43,1,8
4124,43,1,9
4125,43,1,9
4126,43,1,9
4127,43,1,9
4128,43,1,9
4129,43,1,9
4130,43,1,9
4131,43,1,9
4132,43,1,9
4133,43,1,9
4134,43,1,9
4135,43,1,9
4136,43,1,9
4137,43,1,9
4138,43,1,9
4139,42,1,9
4140,42,1,9
4141,42,1,9
4142,42,1,9
4143,42,1,9
4144,42,1,9
4145,42,1,9
4146,42,1,9
4147,42,1,9
4148,42,1,9
4149,42,1,9
4150,42,1,9
4151,42,1,9
4152,42,1,9
4153,42,1,9
4154,42,1,9
4155,42,1,9
4156,42,1,9
4157,42,1,9
4158,42,1,9
4159,42,1,9
4160,42,1,9
4161,42,1,9
4162,42,1,9
4163,42,1,9
4164,42,1,9
4165,42,1,9
4166,42,1,9
4167,42,1,9
4168,42,1,9
4169,42,1,9
4170,42,1,9
4171,42,1,9
4172,42,1,9
4173,42,1,9
4174,42,1,9
4175,42,1,9
4176,42,1,9
4177,42,1,9
4178,42,1,9
4179,42,1,9
4180,41,2,9
4181,41,2,10
4182,41,2,10
4183,41,2,10
4184,41,2,10
4185,41,2,10
4186,41,2,10
4187,41,2,10
4188,41,2,10
4189,41,2,10
4190,41,2,10
4191,41,2,10
4192,41,2,10
4193,41,2,10
4194,41,2,10
4195,41,2,10
4196,41,2,10
4197,41,2,10
4198,41,2,10
4199,41,2,10
4200,41,2,10
4201,41,2,10
4202,41,2,10
4203,41,2,10
4204,41,2,10
4205,41,2,10
4206,41,2,10
4207,42,2,9
4208,42,2,9
4209,42,2,9
4210,42,2,9
4211,42,2,9
4212,42,2,9
4213,42,2,9
4214,42,2,9
4215,42,2,9
4216,43,2,8
4217,43,2,9
4218,43,2,9
4219,43,2,9
4220,43,2,9
4221,43,2,9
4222,43,2,9
4223,43,2,9
4224,43,2,9
4225,43,2,9
4226,43,2,9
4227,43,2,9
4228,43,2,9
4229,43,2,9
4230,42,2,9
4231,42,2,9
4232,42,2,9
4233,42,2,9
4234,42,2,9
4235,42,2,9
4236,41,2,9
4237,41,2,10
4238,41,2,10
4239,41,2,10
4240,41,2,10
4241,42,2,10
4242,42,2,10
4243,42,2,10
4244,42,2,10
4245,42,2,10
4246,42,2,10
4247,42,2,10
4248,42,2,10
4249,42,2,10
4250,42,2,10
4251,42,2,10
4252,42,2,10
4253,42,2,10
4254,42,2,10
4255,42,2,10
4256,42,2,10
4257,42,2,10
4258,41,2,10
4259,41,2,10
4260,41,2,10
4261,41,2,10
4262,40,2,10
4263,40,2,10
4264,40,2,10
4265,40,2,10
4266,40,2,10
4267,41,2,10
4268,41,2,10
4269,41,2,10
4270,41,2,10
4271,41,2,10
4272,41,2,10
4273,40,2,10
4274,40,2,10
4275,40,2,10
4276,40,2,10
4277,41,2,10
4278,41,2,10
4279,41,2,10
4280,41,2,10
4281,41,2,10
4282,41,2,10
4283,41,2,10
4284,41,2,10
4285,41,2,10
4286,41,2,9
4287,41,2,10
4288,41,2,10
4289,41,2,10
4290,41,2,10
4291,41,2,10
4292,41,2,10
4293,41,2,10
4294,41,2,10
4295,41,2,10
4296,41,2,10
4297,41,2,10
4298,41,2,10
4299,41,2,10
4300,41,2,10
4301,41,2,10
4302,41,2,10
4303,41,2,10
4304,41,2,10
4305,41,2,10
4306,41,2,10
4307,41,2,10
4308,41,2,10
4309,41,2,10
4310,41,2,10
4311,42,2,10
4312,42,2,10
4313,42,2,10
4314,42,2,10
4315,42,2,10
4316,42,2,10
4317,42,2,10
4318,42,2,9
4319,42,2,9
4320,42,2,9
4321,42,2,9
4322,42,2,9
4323,42,2,9
4324,42,2,9
4325,41,2,9
4326,41,2,10
4327,41,2,10
4328,43,2,9
4329,43,2,9
4330,43,2,9
4331,43,2,9
4332,42,2,9
4333,42,2,9
4334,42,2,9
4335,42,2,9
4336,42,2,9
4337,42,2,9
4338,42,2,9
4339,42,2,9
4340,42,2,9
4341,42,2,9
4342,42,2,9
4343,42,2,9
4344,42,2,9
4345,42,2,9
4346,42,2,9
4347,42,2,9
4348,42,2,9
4349,42,2,9
4350,42,2,9
4351,42,2,9
4352,42,2,9
4353,42,2,9
4354,43,2,8
4355,43,2,9
4356,43,2,9
4357,43,2,9
4358,43,2,9
4359,43,2,9
4360,43,2,9
4361,43,2,9
4362,43,2,9
4363,43,2,9
4364,43,2,9
4365,43,2,9
4366,43,2,9
4367,43,2,9
4368,43,2,9
4369,43,2,9
4370,43,2,9
4371,43,2,9
4372,43,2,9
4373,43,2,9
4374,43,2,9
4375,43,2,9
4376,43,2,9
4377,43,2,9
4378,43,2,9
4379,43,2,9
4380,43,2,9
4381,43,2,9
4382,43,2,8
4383,43,2,9
4384,43,2,9
4385,43,2,9
4386,43,2,8
4387,43,2,8
4388,43,2,9
4389,43,2,9
4390,43,2,9
4391,43,2,9
4392,43,2,9
4393,43,2,9
4394,43,2,9
4395,43,2,9
4396,43,2,9
4397,43,2,9
4398,43,2,9
4399,43,2,9
4400,43,2,9
4401,43,2,9
4402,43,2,9
4403,43,2,9
4404,43,2,9
4405,43,2,9
4406,43,2,9
4407,43,2,9
4408,43,2,9
4409,43,2,9
4410,43,2,9
4411,43,2,9
4412,43,2,9
4413,43,2,9
4414,43,2,9
4415,43,2,9
4416,43,2,9
4417,43,2,9
4418,42,2,9
4419,42,2,9
4420,42,2,9
4421,41,2,9
4422,41,2,10
4423,41,2,10
4424,41,2,10
4425,41,2,10
4426,41,2,10
4427,40,2,10
4428,40,2,10
4429,40,2,10
4430,41,2,10
4431,41,2,10
4432,41,2,10
4433,41,2,10
4434,41,2,10
4435,41,2,10
4436,41,2,10
4437,41,2,10
4438,41,2,10
4439,41,2,10
4440,41,2,10
4441,41,2,10
4442,41,2,10
4443,41,2,10
4444,41,2,10
4445,42,2,9
4446,42,2,9
4447,42,2,9
4448,42,2,9
4449,42,2,9
4450,42,2,9
4451,42,2,9
4452,42,2,9
4453,42,2,9
4454,42,2,9
4455,42,2,9
4456,42,2,9
4457,42,2,9
4458,42,2,9
4459,42,2,9
4460,42,2,9
4461,42,2,9
4462,42,2,9
4463,42,2,9
4464,42,2,9
4465,42,2,9
4466,42,2,9
4467,42,2,9
4468,41,2,9
4469,41,2,10
4470,41,2,10
4471,41,2,10
4472,41,2,10
4473,41,2,10
4474,41,2,10
4475,41,2,10
4476,41,2,10
4477,41,2,10
4478,42,2,10
4479,43,2,9
4480,43,1,9
4481,43,1,9
4482,42,1,9
4483,42,1,9
4484,42,1,9
4485,42,1,9
4486,42,1,9
4487,42,1,9
4488,42,1,9
4489,42,1,9
4490,42,1,9
4491,42,1,9
4492,42,1,9
4493,42,1,9
4494,42,1,9
4495,42,1,9
4496,42,1,9
4497,42,1,9
4498,42,1,9
4499,42,1,9
4500,42,1,9
4501,42,1,9
4502,42,1,9
4503,42,1,9
4504,42,1,9
4505,42,1,9
4506,42,1,9
4507,41,1,9
4508,41,1,10
4509,41,1,10
4510,41,1,10
4511,41,1,10
4512,41,1,10
4513,41,1,10
4514,41,1,10
4515,41,1,10
4516,41,1,10
4517,41,1,10
4518,41,1,10
4519,41,1,10
4520,41,1,10
4521,41,1,10
4522,41,1,10
4523,41,1,10
4524,41,1,10
4525,41,1,10
4526,41,1,10
4527,41,1,10
4528,41,1,10
4529,41,1,10
4530,41,1,10
4531,41,1,10
4532,41,1,10
4533,41,1,10
4534,41,1,10
4535,41,1,10
4536,41,1,10
4537,40,1,10
4538,40,1,10
4539,40,1,10
4540,40,1,10
4541,40,1,10
4542,40,1,10
4543,40,1,10
4544,40,1,10
4545,40,1,10
4546,40,1,10
4547,40,1,10
4548,40,1,10
4549,40,1,10
4550,40,1,10
4551,40,1,10
4552,40,1,10
4553,40,1,10
4554,39,1,10
4555,39,1,11
4556,39,1,11
4557,40,1,11
4558,40,1,11
4559,40,1,10
4560,40,1,10
4561,40,1,10
4562,40,1,10
4563,40,1,10
4564,40,1,10
4565,40,1,10
4566,40,1,10
4567,40,1,10
4568,40,1,10
4569,40,1,10
4570,40,1,10
4571,40,1,10
4572,40,1,10
4573,40,1,10
4574,40,1,10
4575,40,1,10
4576,40,1,10
4577,40,1,10
4578,40,1,10
4579,40,1,10
4580,40,1,10
4581,40,1,10
4582,40,1,10
4583,40,1,10
4584,40,1,10
4585,40,1,10
4586,40,1,10
4587,40,1,10
4588,40,1,10
4589,40,1,10
4590,40,1,10
4591,40,1,10
4592,40,1,10
4593,40,1,10
4594,40,1,10
4595,40,1,10
4596,40,1,10
4597,40,1,10
4598,40,1,10
4599,40,1,10
4600,40,1,10
4601,40,1,10
4602,40,1,10
4603,40,1,10
4604,40,1,10
4605,40,1,10
4606,40,1,10
4607,40,1,10
4608,40,1,10
4609,40,1,10
4610,40,1,10
4611,40,1,10
4612,40,1,10
4613,40,1,9
4614,40,1,10
4615,40,1,10
4616,40,1,10
4617,40,1,10
4618,40,1,10
4619,40,1,10
4620,40,1,10
4621,40,1,10
4622,40,1,10
4623,40,1,10
4624,40,1,10
4625,40,1,10
4626,40,1,10
4627,40,1,10
4628,40,1,10
4629,40,1,10
4630,40,1,10
4631,40,1,10
4632,41,1,10
4633,41,1,10
4634,41,1,10
4635,41,1,10
4636,41,1,10
4637,41,1,10
4638,41,1,10
4639,41,1,10
4640,41,1,10
4641,41,1,10
4642,41,1,10
4643,41,1,10
4644,41,1,10
4645,41,1,10
4646,41,1,10
4647,41,1,10
4648,41,1,10
4649,41,1,10
4650,41,1,10
4651,41,1,10
4652,41,1,10
4653,40,1,10
4654,41,1,10
4655,41,1,10
4656,41,1,10
4657,40,1,10
4658,40,1,10
4659,40,1,10
4660,40,1,10
4661,40,1,10
4662,40,1,10
4663,40,1,10
4664,40,1,10
4665,40,1,10
4666,40,1,10
4667,40,1,10
4668,40,1,10
4669,40,1,10
4670,40,1,10
4671,40,1,10
4672,40,1,10
4673,40,1,10
4674,40,1,10
4675,40,1,10
4676,40,1,10
4677,40,1,10
4678,40,1,10
4679,40,1,10
4680,40,0,10
4681,40,0,10
4682,40,0,10
4683,40,0,10
4684,40,0,10
4685,40,0,10
4686,40,0,10
4687,39,0,10
4688,39,0,11
4689,39,0,11
4690,39,0,11
4691,40,0,11
4692,40,0,11
4693,40,0,11
4694,40,0,11
4695,40,0,10
4696,40,0,10
4697,40,0,10
4698,40,0,10
4699,40,0,10
4700,40,0,10
4701,40,0,10
4702,40,0,10
4703,40,0,10
4704,40,0,10
4705,40,0,10
4706,40,0,10
4707,40,0,10
4708,40,0,10
4709,40,0,10
4710,40,0,10
4711,40,0,10
4712,40,0,10
4713,40,0,10
4714,40,0,10
4715,40,0,10
4716,40,0,10
4717,40,0,10
4718,39,0,10
4719,39,0,11
4720,39,0,11
4721,39,0,11
4722,39,0,11
4723,39,0,11
4724,39,0,11
4725,40,0,11
4726,40,0,11
4727,40,0,11
4728,40,0,11
4729,40,0,11
4730,40,0,10
4731,40,0,10
4732,40,0,10
4733,40,0,10
4734,40,0,10
4735,40,0,10
4736,40,0,10
4737,40,0,10
4738,40,0,10
4739,40,0,10
4740,40,0,10
4741,40,0,10
4742,41,0,9
4743,41,0,10
4744,41,0,10
4745,41,0,10
4746,41,0,10
4747,41,0,10
4748,41,0,10
4749,41,0,10
4750,41,0,10
4751,41,0,10
4752,41,0,10
4753,41,0,10
4754,41,0,10
4755,41,0,10
4756,41,0,10
4757,41,0,10
4758,41,0,10
4759,41,0,10
4760,40,0,9
4761,40,0,10
4762,40,0,10
4763,40,0,10
4764,40,0,10
4765,40,0,10
4766,40,0,10
4767,40,0,10
4768,40,0,10
4769,41,0,9
4770,41,0,10
4771,41,0,10
4772,41,0,10
4773,40,0,10
4774,40,0,10
4775,40,0,10
4776,40,0,10
4777,40,0,10
4778,40,0,10
4779,40,0,10
4780,40,0,10
4781,40,0,10
4782,40,0,10
4783,40,0,10
4784,40,0,10
4785,40,0,10
4786,40,0,10
4787,40,0,10
4788,40,0,10
4789,40,0,10
4790,40,0,10
4791,40,0,10
4792,40,0,10
4793,41,0,10
4794,41,0,10
4795,41,0,10
4796,42,0,10
4797,42,0,10
4798,42,0,10
4799,42,0,10
4800,42,0,10
4801,42,0,9
4802,42,0,9
4803,42,0,9
4804,42,0,9
4805,42,0,9
4806,42,0,9
4807,42,0,9
4808,42,0,9
4809,42,0,9
4810,42,0,9
4811,42,0,9
4812,42,0,9
4813,42,0,9
4814,42,0,9
4815,42,0,9
4816,42,0,9
4817,42,0,9
4818,42,0,9
4819,42,0,9
4820,42,0,9
4821,42,0,9
4822,42,0,9
4823,42,0,9
4824,42,0,9
4825,42,0,9
4826,42,0,9
4827,42,0,9
4828,42,0,9
4829,42,0,9
4830,43,0,8
4831,43,0,9
4832,43,0,9
4833,43,0,9
4834,43,0,9
4835,43,0,9
4836,43,0,9
4837,43,0,9
4838,43,0,9
4839,43,0,9
4840,43,0,9
4841,43,0,9
4842,43,0,9
4843,43,0,9
4844,43,0,9
4845,43,0,9
4846,43,0,9
4847,43,0,9
4848,43,0,9
4849,43,0,9
4850,43,0,9
4851,43,0,9
4852,43,0,9
4853,43,0,9
4854,43,0,9
4855,43,0,9
4856,43,0,9
4857,43,0,9
4858,43,0,9
4859,43,0,9
4860,43,0,9
4861,43,0,9
4862,43,0,9
4863,43,0,9
4864,44,0,9
4865,44,0,7
4866,45,0,6
4867,45,0,7
4868,45,0,8
4869,45,0,8
4870,45,0,8
4871,45,0,8
4872,45,0,8
4873,45,0,8
4874,45,0,8
4875,45,0,8
4876,45,0,8
4877,45,0,8
4878,45,0,8
4879,45,0,8
4880,45,0,8
4881,45,0,8
4882,45,0,8
4883,45,0,8
4884,45,0,8
4885,46,0,8
4886,46,0,7
4887,46,0,7
4888,46,0,7
4889,46,0,7
4890,46,0,7
4891,46,0,7
4892,46,0,7
4893,46,0,7
4894,46,0,7
4895,46,0,7
4896,46,0,7
4897,46,0,7
4898,46,0,7
4899,47,0,6
4900,47,0,7
4901,47,0,7
4902,47,0,7
4903,47,0,7
4904,47,0,7
4905,47,0,7
4906,47,0,7
4907,47,0,7
4908,47,0,7
4909,47,0,7
4910,47,0,7
4911,47,0,7
4912,47,0,7
4913,47,0,7
4914,47,0,7
4915,47,0,7
4916,47,0,7
4917,47,0,7
4918,47,0,7
4919,47,0,7
4920,47,0,7
4921,47,0,7
4922,46,0,7
4923,46,0,7
4924,46,0,7
4925,46,0,7
4926,46,0,7
4927,46,0,7
4928,46,0,7
4929,46,0,7
4930,46,0,7
4931,46,0,7
4932,46,0,7
4933,46,0,7
4934,46,0,7
4935,46,0,7
4936,46,0,7
4937,46,0,7
4938,46,0,7
4939,46,0,7
4940,45,0,7
4941,45,0,7
4942,45,0,8
4943,45,0,8
4944,45,0,8
4945,45,0,8
4946,45,0,8
4947,45,0,8
4948,45,0,8
4949,45,0,8
4950,45,0,8
4951,45,0,8
4952,45,0,8
4953,45,0,8
4954,45,0,8
4955,45,0,8
4956,45,0,8
4957,45,0,8
4958,45,0,8
4959,45,0,8
4960,45,0,8
4961,45,0,8
4962,45,0,8
4963,45,0,8
4964,45,0,8
4965,45,0,8
4966,45,0,8
4967,45,0,8
4968,45,0,8
4969,45,0,8
4970,45,0,8
4971,45,0,8
4972,45,0,8
4973,45,0,8
4974,45,0,8
4975,45,0,8
4976,45,0,8
4977,45,0,8
4978,45,0,8
4979,45,0,8
4980,45,0,8
4981,45,0,8
4982,45,0,8
4983,45,0,8
4984,45,0,8
4985,45,0,8
4986,45,0,8
4987,45,0,8
4988,45,0,8
4989,45,0,8
4990,45,0,8
4991,45,0,8
4992,45,0,8
4993,45,0,8
4994,45,0,8
4995,45,0,8
4996,45,0,8
4997,45,0,8
4998,45,0,8
4999,45,0,8
5000,45,0,8
5001,45,0,8
5002,45,0,8
5003,45,0,8
5004,45,0,8
5005,45,0,8
5006,45,0,8
5007,45,0,8
5008,45,0,8
5009,45,0,8
5010,45,0,8
5011,45,0,8
5012,45,0,8
5013,45,0,8
5014,45,0,8
5015,45,0,8
5016,45,0,8
5017,45,0,8
5018,45,0,8
5019,45,0,8
5020,45,0,8
5021,45,0,8
5022,45,0,8
5023,45,0,8
5024,45,0,8
5025,45,0,8
5026,45,0,8
5027,45,0,8
5028,45,0,8
5029,46,0,8
5030,46,0,8
5031,46,0,8
5032,46,0,8
5033,46,0,8
5034,46,0,8
5035,46,0,8
5036,46,0,8
5037,46,0,8
5038,46,0,8
5039,46,0,8
5040,46,0,8
5041,46,0,8
5042,46,0,8
5043,46,0,8
5044,46,0,8
5045,46,0,8
5046,46,0,8
5047,46,0,8
5048,46,0,8
5049,47,0,7
5050,47,0,7
5051,47,0,7
5052,47,0,7
5053,47,0,7
5054,47,0,7
5055,47,0,7
5056,47,0,7
5057,47,0,7
5058,47,0,7
5059,47,0,7
5060,47,0,7
5061,47,0,7
5062,47,0,7
5063,47,0,7
5064,47,0,7
5065,47,0,7
5066,47,0,7
5067,47,0,7
5068,47,0,7
5069,47,0,7
5070,47,0,7
5071,47,0,7
5072,47,0,7
5073,47,0,7
5074,47,0,7
5075,47,0,7
5076,47,0,7
5077,47,0,7
5078,47,0,7
5079,47,0,7
5080,47,0,7
5081,47,0,7
5082,47,0,7
5083,47,0,7
5084,47,0,7
5085,47,0,7
5086,47,0,7
5087,47,0,7
5088,47,0,7
5089,47,0,7
5090,47,0,7
5091,47,0,7
5092,47,0,7
5093,47,0,7
5094,47,0,7
5095,47,0,7
5096,47,0,7
5097,47,0,7
5098,47,0,7
5099,47,0,7
5100,47,0,7
5101,47,0,7
5102,47,0,7
5103,47,0,7
5104,47,0,7
5105,46,0,7
5106,46,0,7
5107,46,0,7
5108,46,0,7
5109,46,0,7
5110,46,0,7
5111,46,0,7
5112,46,0,7
5113,46,0,7
5114,46,0,7
5115,47,0,7
5116,47,0,7
5117,47,0,7
5118,47,0,7
5119,47,0,7
5120,47,0,7
5121,47,0,7
5122,47,0,7
5123,47,0,7
5124,47,0,7
5125,47,0,7
5126,47,0,7
5127,47,0,7
5128,47,0,7
5129,47,0,7
5130,47,0,7
5131,47,0,7
5132,47,0,7
5133,47,0,7
5134,47,0,7
5135,46,0,7
5136,46,0,7
5137,46,0,7
5138,46,0,7
5139,46,0,7
5140,46,0,7
5141,46,0,7
5142,46,0,7
5143,46,0,7
5144,46,0,7
5145,46,0,7
5146,46,0,7
5147,46,0,7
5148,46,0,7
5149,46,0,7
5150,46,0,7
5151,46,0,7
5152,46,0,7
5153,46,0,7
5154,46,0,7
5155,46,0,7
5156,47,0,7
5157,47,0,7
5158,47,0,7
5159,47,0,7
5160,47,0,7
5161,47,0,7
5162,47,0,7
5163,47,0,7
5164,47,0,7
5165,47,0,7
5166,47,0,7
5167,47,0,7
5168,48,0,7
5169,48,0,7
5170,48,0,7
5171,48,0,7
5172,48,0,7
5173,48,0,7
5174,48,0,6
5175,48,0,6
5176,48,0,6
5177,48,0,6
5178,48,0,6
5179,48,0,6
5180,48,0,6
5181,48,0,6
5182,48,0,6
5183,48,0,6
5184,48,0,6
5185,48,0,6
5186,48,0,6
5187,48,0,6
5188,48,0,6
5189,48,0,6
5190,48,0,6
5191,49,0,6
5192,49,0,6
5193,49,0,6
5194,49,0,6
5195,49,0,6
5196,49,0,6
5197,49,0,6
5198,49,0,6
5199,49,0,6
5200,49,0,6
